"","Open","High","Low","Close","Volume","Adjusted","date"
"2016-01-04",54.32,54.799999,53.389999,54.799999,53778000,48.797733,2016-01-04
"2016-01-05",54.93,55.389999,54.540001,55.049999,34079700,49.020351,2016-01-05
"2016-01-06",54.32,54.400002,53.639999,54.049999,39518900,48.129871,2016-01-06
"2016-01-07",52.700001,53.490002,52.07,52.169998,56564900,46.455788,2016-01-07
"2016-01-08",52.369999,53.279999,52.150002,52.330002,48754000,46.59827,2016-01-08
"2016-01-11",52.509998,52.849998,51.459999,52.299999,36943800,46.571556,2016-01-11
"2016-01-12",52.759998,53.099998,52.060001,52.779999,36095500,46.99897,2016-01-12
"2016-01-13",53.799999,54.07,51.299999,51.639999,66883600,45.983845,2016-01-13
"2016-01-14",52,53.419998,51.57,53.110001,52381900,47.292835,2016-01-14
"2016-01-15",51.310001,51.970001,50.34,50.990002,71820700,45.405048,2016-01-15
"2016-01-19",51.48,51.68,50.060001,50.560001,43564500,45.022137,2016-01-19
"2016-01-20",49.98,51.380001,49.099998,50.790001,63273000,45.22694,2016-01-20
"2016-01-21",51,51.580002,50.299999,50.48,40191200,44.950905,2016-01-21
"2016-01-22",51.41,52.330002,51.259998,52.290001,37555800,46.562641,2016-01-22
"2016-01-25",51.939999,52.650002,51.650002,51.790001,34707700,46.117409,2016-01-25
"2016-01-26",51.790001,52.439999,51.549999,52.169998,28900800,46.455788,2016-01-26
"2016-01-27",52.009998,52.200001,51.02,51.220001,36775200,45.609844,2016-01-27
"2016-01-28",51.860001,52.209999,51.25,52.060001,62513800,46.357849,2016-01-28
"2016-01-29",54.73,55.09,54,55.09,83611700,49.055973,2016-01-29
"2016-02-01",54.880001,55.09,54.5,54.709999,44208500,48.717587,2016-02-01
"2016-02-02",54.169998,54.259998,52.650002,53,56313800,47.194885,2016-02-02
"2016-02-03",53.25,53.389999,51.259998,52.16,57559800,46.446877,2016-02-03
"2016-02-04",52.099998,52.810001,51.369999,52,46987100,46.304413,2016-02-04
"2016-02-05",51.939999,52,49.560001,50.16,62009000,44.665947,2016-02-05
"2016-02-08",49.549999,49.57,48.189999,49.41,59290500,43.998093,2016-02-08
"2016-02-09",49.02,50.240002,48.669998,49.279999,46740500,43.882328,2016-02-09
"2016-02-10",49.889999,50.389999,49.52,49.709999,38237000,44.265232,2016-02-10
"2016-02-11",48.68,50.110001,48.509998,49.689999,48878600,44.247425,2016-02-11
"2016-02-12",50.25,50.68,49.75,50.5,34243300,44.968704,2016-02-12
"2016-02-16",50.900002,51.09,50.130001,51.09,37291200,45.820724,2016-02-16
"2016-02-17",51.490002,52.77,51.450001,52.419998,40789000,47.01355,2016-02-17
"2016-02-18",52.330002,52.950001,52.099998,52.189999,27176000,46.807278,2016-02-18
"2016-02-19",51.970001,52.279999,51.529999,51.82,33559100,46.475441,2016-02-19
"2016-02-22",52.279999,53,52.279999,52.650002,25008300,47.21983,2016-02-22
"2016-02-23",52.34,52.369999,50.98,51.18,28895300,45.901443,2016-02-23
"2016-02-24",50.689999,51.5,50.200001,51.360001,33014500,46.062885,2016-02-24
"2016-02-25",51.73,52.099998,50.610001,52.099998,26939500,46.726551,2016-02-25
"2016-02-26",52.599998,52.68,51.099998,51.299999,35975900,46.009068,2016-02-26
"2016-02-29",51.349998,51.650002,50.66,50.880001,31654000,45.632385,2016-02-29
"2016-03-01",50.970001,52.59,50.919998,52.580002,33024500,47.157059,2016-03-01
"2016-03-02",52.41,52.959999,52.16,52.950001,29289900,47.488895,2016-03-02
"2016-03-03",52.970001,52.970001,51.779999,52.349998,24427800,46.950779,2016-03-03
"2016-03-04",52.400002,52.450001,51.709999,52.029999,33034200,46.66378,2016-03-04
"2016-03-07",51.560001,51.799999,50.580002,51.029999,38407800,45.766911,2016-03-07
"2016-03-08",50.799999,52.130001,50.599998,51.650002,33835100,46.322979,2016-03-08
"2016-03-09",51.889999,52.849998,51.860001,52.84,28251600,47.390236,2016-03-09
"2016-03-10",52.93,52.939999,51.16,52.049999,38387800,46.681713,2016-03-10
"2016-03-11",53,53.07,52.380001,53.07,32275700,47.596516,2016-03-11
"2016-03-14",52.709999,53.59,52.630001,53.169998,24083600,47.686195,2016-03-14
"2016-03-15",52.75,53.59,52.740002,53.59,21104800,48.062889,2016-03-15
"2016-03-16",53.450001,54.599998,53.400002,54.349998,31691700,48.744499,2016-03-16
"2016-03-17",54.209999,55,54,54.66,28223900,49.022526,2016-03-17
"2016-03-18",54.919998,54.970001,53.450001,53.490002,67625500,47.973202,2016-03-18
"2016-03-21",53.25,53.93,52.93,53.860001,23925700,48.305042,2016-03-21
"2016-03-22",53.610001,54.25,53.459999,54.07,23124100,48.493382,2016-03-22
"2016-03-23",54.110001,54.240002,53.740002,53.970001,20129000,48.403687,2016-03-23
"2016-03-24",53.84,54.330002,53.73,54.209999,19950000,48.618942,2016-03-24
"2016-03-28",54.209999,54.290001,53.330002,53.540001,17025100,48.01804,2016-03-28
"2016-03-29",53.66,54.860001,53.450001,54.709999,23924300,49.067379,2016-03-29
"2016-03-30",54.93,55.639999,54.900002,55.049999,23008300,49.372307,2016-03-30
"2016-03-31",54.950001,55.59,54.860001,55.23,26360500,49.533745,2016-03-31
"2016-04-01",55.049999,55.610001,54.57,55.57,24399200,49.83868,2016-04-01
"2016-04-04",55.43,55.66,55,55.43,18928800,49.71312,2016-04-04
"2016-04-05",55.189999,55.299999,54.459999,54.560001,19272300,48.93285,2016-04-05
"2016-04-06",54.360001,55.200001,54.209999,55.119999,21188700,49.435078,2016-04-06
"2016-04-07",54.869999,54.91,54.23,54.459999,19225100,48.843147,2016-04-07
"2016-04-08",54.669998,55.279999,54.32,54.419998,22167200,48.807289,2016-04-08
"2016-04-11",54.490002,55.150002,54.299999,54.310001,21414200,48.70863,2016-04-11
"2016-04-12",54.369999,54.779999,53.759998,54.650002,24944300,49.013557,2016-04-12
"2016-04-13",55.119999,55.439999,54.889999,55.349998,20818000,49.641373,2016-04-13
"2016-04-14",55.220001,55.580002,55.07,55.360001,20877100,49.650341,2016-04-14
"2016-04-15",55.299999,55.919998,55.110001,55.650002,28793800,49.910427,2016-04-15
"2016-04-18",55.490002,56.59,55.209999,56.459999,23786000,50.636871,2016-04-18
"2016-04-19",56.630001,56.77,55.68,56.389999,29596800,50.574108,2016-04-19
"2016-04-20",56.290001,56.5,55.490002,55.59,36195700,49.856617,2016-04-20
"2016-04-21",55.799999,56.23,55.419998,55.779999,38909100,50.027012,2016-04-21
"2016-04-22",51.91,52.43,50.77,51.779999,126834100,46.439564,2016-04-22
"2016-04-25",51.779999,52.130001,51.630001,52.110001,33226900,46.735535,2016-04-25
"2016-04-26",52.259998,52.349998,51.09,51.439999,33532600,46.134632,2016-04-26
"2016-04-27",51.48,51.5,50.549999,50.939999,43369300,45.686195,2016-04-27
"2016-04-28",50.619999,50.77,49.560001,49.900002,43134800,44.753471,2016-04-28
"2016-04-29",49.349998,50.25,49.349998,49.869999,48411700,44.726547,2016-04-29
"2016-05-02",50,50.75,49.779999,50.610001,33114500,45.390232,2016-05-02
"2016-05-03",50.34,50.41,49.599998,49.779999,26460200,44.645844,2016-05-03
"2016-05-04",49.84,50.060001,49.459999,49.869999,24257600,44.726547,2016-05-04
"2016-05-05",49.869999,50.299999,49.73,49.939999,25390700,44.78933,2016-05-05
"2016-05-06",49.919998,50.389999,49.66,50.389999,24787300,45.192917,2016-05-06
"2016-05-09",50.490002,50.59,50,50.07,17951600,44.905937,2016-05-09
"2016-05-10",50.330002,51.099998,50.189999,51.02,22891000,45.75795,2016-05-10
"2016-05-11",51.130001,51.779999,51,51.049999,24039100,45.784855,2016-05-11
"2016-05-12",51.200001,51.810001,50.919998,51.509998,24102800,46.197407,2016-05-12
"2016-05-13",51.439999,51.900002,51.040001,51.080002,22592300,45.811764,2016-05-13
"2016-05-16",50.799999,51.959999,50.75,51.830002,20032000,46.484421,2016-05-16
"2016-05-17",51.720001,51.73,50.360001,50.509998,27803500,45.617397,2016-05-17
"2016-05-18",50.48,51.139999,50.299999,50.810001,24907500,45.88834,2016-05-18
"2016-05-19",50.470001,50.619999,49.82,50.32,23842400,45.445808,2016-05-19
"2016-05-20",50.48,51.220001,50.400002,50.619999,23905800,45.716732,2016-05-20
"2016-05-23",50.599998,50.68,49.98,50.029999,26118700,45.183891,2016-05-23
"2016-05-24",50.700001,51.709999,50.400002,51.59,34757900,46.592789,2016-05-24
"2016-05-25",51.919998,52.490002,51.790001,52.119999,24040200,47.071442,2016-05-25
"2016-05-26",51.93,51.98,51.360001,51.889999,24335200,46.863731,2016-05-26
"2016-05-27",51.919998,52.32,51.77,52.32,17721400,47.252075,2016-05-27
"2016-05-31",52.259998,53,52.080002,53,37653100,47.866203,2016-05-31
"2016-06-01",52.439999,52.950001,52.439999,52.849998,25324800,47.730728,2016-06-01
"2016-06-02",52.639999,52.740002,51.84,52.48,22840800,47.39658,2016-06-02
"2016-06-03",52.380001,52.419998,51.599998,51.790001,23368300,46.773415,2016-06-03
"2016-06-06",51.990002,52.349998,51.889999,52.130001,18243300,47.080482,2016-06-06
"2016-06-07",52.240002,52.73,52.099998,52.099998,20866800,47.053371,2016-06-07
"2016-06-08",52.02,52.439999,51.869999,52.040001,21149400,46.999195,2016-06-08
"2016-06-09",52,52,51.490002,51.619999,20305700,46.619888,2016-06-09
"2016-06-10",51.049999,52.049999,51.040001,51.48,25833200,46.493427,2016-06-10
"2016-06-13",49.580002,50.720001,49.060001,50.139999,83217800,45.283226,2016-06-13
"2016-06-14",49.900002,50.099998,49.57,49.830002,42577100,45.003265,2016-06-14
"2016-06-15",49.779999,50.119999,49.689999,49.689999,33757600,44.876835,2016-06-15
"2016-06-16",49.52,50.470001,49.509998,50.389999,31188600,45.509018,2016-06-16
"2016-06-17",50.41,50.43,49.82,50.130001,45710500,45.274212,2016-06-17
"2016-06-20",50.639999,50.830002,50.029999,50.07,35607900,45.22002,2016-06-20
"2016-06-21",50.200001,51.43,50.16,51.189999,34097800,46.231525,2016-06-21
"2016-06-22",51.080002,51.459999,50.950001,50.990002,28816800,46.050911,2016-06-22
"2016-06-23",51.279999,52.060001,51.150002,51.91,29028800,46.881779,2016-06-23
"2016-06-24",49.810001,50.939999,49.52,49.830002,133503000,45.003265,2016-06-24
"2016-06-27",49.099998,49.150002,48.040001,48.43,50216300,43.738884,2016-06-27
"2016-06-28",48.919998,49.470001,48.669998,49.439999,38140700,44.651043,2016-06-28
"2016-06-29",49.91,50.720001,49.799999,50.540001,31304000,45.644497,2016-06-29
"2016-06-30",50.720001,51.299999,50.5,51.169998,28527800,46.213467,2016-06-30
"2016-07-01",51.130001,51.720001,51.07,51.16,21400400,46.204426,2016-07-01
"2016-07-05",50.830002,51.279999,50.740002,51.169998,24806400,46.213467,2016-07-05
"2016-07-06",50.779999,51.540001,50.389999,51.380001,28167500,46.403122,2016-07-06
"2016-07-07",51.419998,51.610001,51.07,51.380001,19585200,46.403122,2016-07-07
"2016-07-08",51.73,52.360001,51.549999,52.299999,28391000,47.234009,2016-07-08
"2016-07-11",52.5,52.830002,52.470001,52.59,22269200,47.495918,2016-07-11
"2016-07-12",52.939999,53.400002,52.790001,53.209999,27317600,48.055859,2016-07-12
"2016-07-13",53.560001,53.860001,53.18,53.509998,25356800,48.326809,2016-07-13
"2016-07-14",53.84,53.990002,53.580002,53.740002,24545500,48.534527,2016-07-14
"2016-07-15",53.950001,54,53.209999,53.700001,32024400,48.498398,2016-07-15
"2016-07-18",53.700001,54.34,53.549999,53.959999,31433900,48.733215,2016-07-18
"2016-07-19",53.709999,53.900002,52.93,53.09,53336500,47.947487,2016-07-19
"2016-07-20",56.150002,56.84,55.529999,55.91,89893300,50.494335,2016-07-20
"2016-07-21",55.98,56.23,55.759998,55.799999,32776700,50.394985,2016-07-21
"2016-07-22",56.080002,56.630001,55.779999,56.57,32157200,51.090405,2016-07-22
"2016-07-25",56.470001,56.740002,56.259998,56.73,25610600,51.234901,2016-07-25
"2016-07-26",56.52,57.290001,56.509998,56.759998,28079000,51.261997,2016-07-26
"2016-07-27",56.610001,56.799999,56.110001,56.189999,32327500,50.747215,2016-07-27
"2016-07-28",56,56.369999,55.720001,56.209999,37550400,50.765266,2016-07-28
"2016-07-29",56.259998,56.759998,56.049999,56.68,30558700,51.189747,2016-07-29
"2016-08-01",56.599998,56.75,56.139999,56.580002,26003400,51.099442,2016-08-01
"2016-08-02",56.849998,56.900002,56.310001,56.580002,35122000,51.099442,2016-08-02
"2016-08-03",56.68,57.110001,56.490002,56.970001,22075600,51.45166,2016-08-03
"2016-08-04",56.799999,57.52,56.669998,57.389999,26587700,51.830975,2016-08-04
"2016-08-05",57.650002,58.209999,57.450001,57.959999,29335200,52.345757,2016-08-05
"2016-08-08",58.060001,58.09,57.779999,58.060001,19473500,52.436073,2016-08-08
"2016-08-09",58.169998,58.5,58.02,58.200001,16920700,52.562508,2016-08-09
"2016-08-10",58.16,58.32,57.82,58.02,15756900,52.399956,2016-08-10
"2016-08-11",58.029999,58.450001,58.029999,58.299999,18162300,52.652821,2016-08-11
"2016-08-12",58.029999,58.189999,57.619999,57.939999,21655200,52.327705,2016-08-12
"2016-08-15",58.009998,58.5,57.959999,58.119999,19283900,52.490273,2016-08-15
"2016-08-16",57.610001,57.619999,57.27,57.439999,20523500,52.199463,2016-08-16
"2016-08-17",57.540001,57.68,57.23,57.560001,18856400,52.308506,2016-08-17
"2016-08-18",57.419998,57.700001,57.27,57.599998,14214300,52.344856,2016-08-18
"2016-08-19",57.43,57.73,57.200001,57.619999,17271000,52.363033,2016-08-19
"2016-08-22",57.599998,57.75,57.259998,57.669998,15221900,52.40847,2016-08-22
"2016-08-23",57.900002,58.18,57.849998,57.889999,18732400,52.608398,2016-08-23
"2016-08-24",57.799999,58.040001,57.720001,57.950001,18151500,52.662922,2016-08-24
"2016-08-25",57.880001,58.290001,57.779999,58.169998,18552600,52.862854,2016-08-25
"2016-08-26",58.279999,58.700001,57.689999,58.029999,20971200,52.73563,2016-08-26
"2016-08-29",58.18,58.599998,58.099998,58.099998,16417200,52.799232,2016-08-29
"2016-08-30",57.98,58.189999,57.610001,57.889999,16930200,52.608398,2016-08-30
"2016-08-31",57.650002,57.799999,57.299999,57.459999,20860300,52.21764,2016-08-31
"2016-09-01",57.009998,57.82,57.009998,57.59,26075400,52.335773,2016-09-01
"2016-09-02",57.669998,58.189999,57.419998,57.669998,18900500,52.40847,2016-09-02
"2016-09-06",57.779999,57.799999,57.209999,57.610001,16278400,52.353943,2016-09-06
"2016-09-07",57.470001,57.84,57.41,57.66,17493400,52.399387,2016-09-07
"2016-09-08",57.630001,57.790001,57.18,57.43,20146100,52.190365,2016-09-08
"2016-09-09",56.790001,57.52,56.209999,56.209999,35113900,51.081669,2016-09-09
"2016-09-12",56,57.209999,55.610001,57.049999,29303000,51.845036,2016-09-12
"2016-09-13",56.5,56.650002,56.049999,56.529999,30130200,51.372482,2016-09-13
"2016-09-14",56.389999,56.630001,56.029999,56.259998,24062500,51.127113,2016-09-14
"2016-09-15",56.150002,57.349998,55.98,57.189999,26847000,51.972267,2016-09-15
"2016-09-16",57.630001,57.630001,56.75,57.25,44607000,52.026787,2016-09-16
"2016-09-19",57.27,57.75,56.849998,56.93,20937100,51.735996,2016-09-19
"2016-09-20",57.349998,57.349998,56.75,56.810001,17384000,51.626934,2016-09-20
"2016-09-21",57.509998,57.849998,57.080002,57.759998,33707300,52.490269,2016-09-21
"2016-09-22",57.919998,58,57.630001,57.82,19822200,52.544788,2016-09-22
"2016-09-23",57.869999,57.91,57.380001,57.43,19955300,52.190365,2016-09-23
"2016-09-26",57.080002,57.139999,56.830002,56.900002,21688700,51.708729,2016-09-26
"2016-09-27",56.93,58.060001,56.68,57.950001,28065100,52.662922,2016-09-27
"2016-09-28",57.880001,58.060001,57.669998,58.029999,20536400,52.73563,2016-09-28
"2016-09-29",57.810001,58.169998,57.209999,57.400002,25463500,52.163097,2016-09-29
"2016-09-30",57.57,57.77,57.34,57.599998,29910800,52.344856,2016-09-30
"2016-10-03",57.41,57.549999,57.060001,57.419998,19189500,52.181278,2016-10-03
"2016-10-04",57.27,57.599998,56.970001,57.240002,20085900,52.017704,2016-10-04
"2016-10-05",57.290001,57.959999,57.259998,57.639999,16726400,52.381203,2016-10-05
"2016-10-06",57.740002,57.860001,57.279999,57.740002,16212600,52.472095,2016-10-06
"2016-10-07",57.849998,57.98,57.419998,57.799999,20089000,52.526611,2016-10-07
"2016-10-10",57.91,58.389999,57.869999,58.040001,18196500,52.744713,2016-10-10
"2016-10-11",57.889999,58.02,56.889999,57.189999,26497400,51.972267,2016-10-11
"2016-10-12",57.110001,57.27,56.400002,57.110001,22177500,51.89957,2016-10-12
"2016-10-13",56.700001,57.299999,56.32,56.919998,25313700,51.726891,2016-10-13
"2016-10-14",57.119999,57.740002,57.119999,57.419998,27402500,52.181278,2016-10-14
"2016-10-17",57.360001,57.459999,56.869999,57.220001,23830000,51.999535,2016-10-17
"2016-10-18",57.529999,57.950001,57.41,57.66,19149500,52.399387,2016-10-18
"2016-10-19",57.470001,57.84,57.400002,57.529999,22878400,52.281227,2016-10-19
"2016-10-20",57.5,57.52,56.66,57.25,49455600,52.026787,2016-10-20
"2016-10-21",60.279999,60.450001,59.490002,59.66,80032200,54.216911,2016-10-21
"2016-10-24",59.939999,61,59.93,61,54067000,55.434666,2016-10-24
"2016-10-25",60.849998,61.369999,60.799999,60.990002,35137200,55.425575,2016-10-25
"2016-10-26",60.810001,61.200001,60.470001,60.630001,29911600,55.098423,2016-10-26
"2016-10-27",60.610001,60.830002,60.09,60.099998,28479900,54.616764,2016-10-27
"2016-10-28",60.009998,60.52,59.580002,59.869999,33574700,54.407749,2016-10-28
"2016-10-31",60.16,60.419998,59.919998,59.919998,26434700,54.453194,2016-10-31
"2016-11-01",59.970001,60.02,59.25,59.799999,24533000,54.344139,2016-11-01
"2016-11-02",59.82,59.93,59.299999,59.43,22147000,54.007904,2016-11-02
"2016-11-03",59.529999,59.639999,59.110001,59.209999,21600400,53.807964,2016-11-03
"2016-11-04",58.650002,59.279999,58.52,58.709999,28697000,53.353588,2016-11-04
"2016-11-07",59.779999,60.52,59.779999,60.419998,31664800,54.907574,2016-11-07
"2016-11-08",60.549999,60.779999,60.150002,60.470001,22935400,54.953014,2016-11-08
"2016-11-09",60,60.59,59.200001,60.169998,49632500,54.680386,2016-11-09
"2016-11-10",60.48,60.490002,57.630001,58.700001,57822400,53.344501,2016-11-10
"2016-11-11",58.23,59.119999,58.009998,59.02,38767800,53.635307,2016-11-11
"2016-11-14",59.02,59.080002,57.279999,58.119999,41328400,52.817417,2016-11-14
"2016-11-15",58.330002,59.490002,58.32,58.869999,35904100,53.860401,2016-11-15
"2016-11-16",58.939999,59.66,58.810001,59.650002,27332500,54.574043,2016-11-16
"2016-11-17",60.41,60.950001,59.970001,60.639999,32132700,55.479782,2016-11-17
"2016-11-18",60.779999,61.139999,60.299999,60.349998,27686300,55.214455,2016-11-18
"2016-11-21",60.5,60.970001,60.419998,60.860001,19652600,55.681068,2016-11-21
"2016-11-22",60.98,61.259998,60.810001,61.119999,23206700,55.918926,2016-11-22
"2016-11-23",61.009998,61.099998,60.25,60.400002,21848900,55.26022,2016-11-23
"2016-11-25",60.299999,60.529999,60.130001,60.529999,8409600,55.379143,2016-11-25
"2016-11-28",60.34,61.02,60.209999,60.610001,20732600,55.452332,2016-11-28
"2016-11-29",60.650002,61.41,60.52,61.09,22366700,55.891491,2016-11-29
"2016-11-30",60.860001,61.18,60.220001,60.259998,34655400,55.132126,2016-11-30
"2016-12-01",60.110001,60.150002,58.939999,59.200001,34542100,54.162323,2016-12-01
"2016-12-02",59.080002,59.470001,58.799999,59.25,25515700,54.208073,2016-12-02
"2016-12-05",59.700001,60.59,59.560001,60.220001,23552700,55.095524,2016-12-05
"2016-12-06",60.43,60.459999,59.799999,59.950001,19907000,54.848503,2016-12-06
"2016-12-07",60.009998,61.380001,59.799999,61.369999,30809000,56.147671,2016-12-07
"2016-12-08",61.299999,61.580002,60.84,61.009998,21220800,55.818295,2016-12-08
"2016-12-09",61.18,61.990002,61.130001,61.970001,27349400,56.696602,2016-12-09
"2016-12-12",61.82,62.299999,61.720001,62.169998,20198100,56.879593,2016-12-12
"2016-12-13",62.5,63.419998,62.240002,62.98,35718900,57.620659,2016-12-13
"2016-12-14",63,63.450001,62.529999,62.68,30352700,57.346191,2016-12-14
"2016-12-15",62.700001,63.150002,62.299999,62.580002,27669900,57.2547,2016-12-15
"2016-12-16",62.950001,62.950001,62.119999,62.299999,42453100,56.998528,2016-12-16
"2016-12-19",62.560001,63.77,62.419998,63.619999,34338200,58.2062,2016-12-19
"2016-12-20",63.689999,63.799999,63.029999,63.540001,26028400,58.133007,2016-12-20
"2016-12-21",63.43,63.700001,63.119999,63.540001,17096300,58.133007,2016-12-21
"2016-12-22",63.84,64.099998,63.41,63.549999,22176600,58.142159,2016-12-22
"2016-12-23",63.450001,63.540001,62.799999,63.240002,12403800,57.858536,2016-12-23
"2016-12-27",63.209999,64.07,63.209999,63.279999,11763200,57.89513,2016-12-27
"2016-12-28",63.400002,63.400002,62.830002,62.990002,14653300,57.62981,2016-12-28
"2016-12-29",62.860001,63.200001,62.73,62.900002,10250600,57.547474,2016-12-29
"2016-12-30",62.959999,62.990002,62.029999,62.139999,25579900,56.852139,2016-12-30
"2017-01-03",62.790001,62.84,62.130001,62.580002,20694100,57.2547,2017-01-03
"2017-01-04",62.48,62.75,62.119999,62.299999,21340000,56.998528,2017-01-04
"2017-01-05",62.189999,62.66,62.029999,62.299999,24876000,56.998528,2017-01-05
"2017-01-06",62.299999,63.150002,62.040001,62.84,19922900,57.492577,2017-01-06
"2017-01-09",62.759998,63.080002,62.540001,62.639999,20382700,57.309593,2017-01-09
"2017-01-10",62.73,63.07,62.279999,62.619999,18593000,57.291302,2017-01-10
"2017-01-11",62.610001,63.23,62.43,63.189999,21517300,57.812786,2017-01-11
"2017-01-12",63.060001,63.400002,61.950001,62.610001,20968200,57.282146,2017-01-12
"2017-01-13",62.619999,62.869999,62.349998,62.700001,19422300,57.364491,2017-01-13
"2017-01-17",62.68,62.700001,62.029999,62.529999,20664000,57.20895,2017-01-17
"2017-01-18",62.669998,62.700001,62.119999,62.5,19670100,57.181503,2017-01-18
"2017-01-19",62.240002,62.98,62.200001,62.299999,18451700,56.998528,2017-01-19
"2017-01-20",62.669998,62.82,62.369999,62.740002,30213500,57.401089,2017-01-20
"2017-01-23",62.700001,63.119999,62.57,62.959999,23097600,57.602371,2017-01-23
"2017-01-24",63.200001,63.740002,62.939999,63.52,24672900,58.114716,2017-01-24
"2017-01-25",63.950001,64.099998,63.450001,63.68,23672700,58.261082,2017-01-25
"2017-01-26",64.120003,64.540001,63.549999,64.269997,43554600,58.80088,2017-01-26
"2017-01-27",65.389999,65.910004,64.889999,65.779999,44818000,60.182392,2017-01-27
"2017-01-30",65.690002,65.790001,64.800003,65.129997,31651400,59.587708,2017-01-30
"2017-01-31",64.860001,65.150002,64.260002,64.650002,25270500,59.148544,2017-01-31
"2017-02-01",64.360001,64.620003,63.470001,63.580002,39671500,58.169601,2017-02-01
"2017-02-02",63.25,63.41,62.75,63.169998,45827000,57.794487,2017-02-02
"2017-02-03",63.5,63.700001,63.07,63.68,30301800,58.261082,2017-02-03
"2017-02-06",63.5,63.650002,63.139999,63.639999,19796400,58.224495,2017-02-06
"2017-02-07",63.740002,63.779999,63.23,63.43,20277200,58.032368,2017-02-07
"2017-02-08",63.57,63.810001,63.220001,63.34,18096400,57.950024,2017-02-08
"2017-02-09",63.52,64.440002,63.32,64.059998,22644400,58.608761,2017-02-09
"2017-02-10",64.25,64.300003,63.98,64,18170700,58.553852,2017-02-10
"2017-02-13",64.239998,64.860001,64.129997,64.720001,22920100,59.212605,2017-02-13
"2017-02-14",64.410004,64.720001,64.019997,64.57,23108400,59.433495,2017-02-14
"2017-02-15",64.5,64.57,64.160004,64.529999,17005200,59.396694,2017-02-15
"2017-02-16",64.739998,65.239998,64.440002,64.519997,20546300,59.387478,2017-02-16
"2017-02-17",64.470001,64.690002,64.300003,64.620003,21248800,59.479519,2017-02-17
"2017-02-21",64.610001,64.949997,64.449997,64.489998,20655900,59.359867,2017-02-21
"2017-02-22",64.330002,64.389999,64.050003,64.360001,19292700,59.240211,2017-02-22
"2017-02-23",64.419998,64.730003,64.190002,64.620003,20273100,59.479519,2017-02-23
"2017-02-24",64.529999,64.800003,64.139999,64.620003,21796800,59.479519,2017-02-24
"2017-02-27",64.540001,64.540001,64.050003,64.230003,15871500,59.120552,2017-02-27
"2017-02-28",64.080002,64.199997,63.759998,63.98,23239800,58.890442,2017-02-28
"2017-03-01",64.129997,64.989998,64.019997,64.940002,26937500,59.774067,2017-03-01
"2017-03-02",64.690002,64.75,63.880001,64.010002,24539600,58.918049,2017-03-02
"2017-03-03",63.990002,64.279999,63.619999,64.25,18135900,59.138962,2017-03-03
"2017-03-06",63.970001,64.559998,63.810001,64.269997,18750300,59.157368,2017-03-06
"2017-03-07",64.190002,64.779999,64.190002,64.400002,18521000,59.277035,2017-03-07
"2017-03-08",64.260002,65.080002,64.25,64.989998,21510900,59.820087,2017-03-08
"2017-03-09",65.190002,65.199997,64.480003,64.730003,19846800,59.580784,2017-03-09
"2017-03-10",65.110001,65.260002,64.75,64.93,19538200,59.76487,2017-03-10
"2017-03-13",65.010002,65.190002,64.57,64.709999,20100000,59.562355,2017-03-13
"2017-03-14",64.529999,64.550003,64.150002,64.410004,14280200,59.28624,2017-03-14
"2017-03-15",64.550003,64.919998,64.25,64.75,24833800,59.599182,2017-03-15
"2017-03-16",64.75,64.760002,64.300003,64.639999,20674300,59.497925,2017-03-16
"2017-03-17",64.910004,65.239998,64.68,64.870003,49219700,59.709652,2017-03-17
"2017-03-20",64.910004,65.18,64.720001,64.93,14598100,59.76487,2017-03-20
"2017-03-21",65.190002,65.5,64.129997,64.209999,26640500,59.102142,2017-03-21
"2017-03-22",64.120003,65.139999,64.120003,65.029999,20680000,59.856915,2017-03-22
"2017-03-23",64.940002,65.239998,64.769997,64.870003,19269200,59.709652,2017-03-23
"2017-03-24",65.360001,65.449997,64.760002,64.980003,22617100,59.810902,2017-03-24
"2017-03-27",64.629997,65.220001,64.349998,65.099998,18614700,59.921329,2017-03-27
"2017-03-28",64.959999,65.470001,64.650002,65.290001,20080400,60.096226,2017-03-28
"2017-03-29",65.120003,65.5,64.949997,65.470001,13618400,60.261909,2017-03-29
"2017-03-30",65.419998,65.980003,65.360001,65.709999,15122800,60.482819,2017-03-30
"2017-03-31",65.650002,66.190002,65.449997,65.860001,21040300,60.620888,2017-03-31
"2017-04-03",65.809998,65.940002,65.190002,65.550003,20400900,60.335564,2017-04-03
"2017-04-04",65.389999,65.809998,65.279999,65.730003,12997400,60.501217,2017-04-04
"2017-04-05",66.300003,66.349998,65.440002,65.559998,21448600,60.344742,2017-04-05
"2017-04-06",65.599998,66.059998,65.480003,65.730003,18103500,60.501217,2017-04-06
"2017-04-07",65.849998,65.959999,65.440002,65.68,14108500,60.4552,2017-04-07
"2017-04-10",65.610001,65.82,65.360001,65.529999,17952700,60.317154,2017-04-10
"2017-04-11",65.599998,65.610001,64.849998,65.480003,18791500,60.271114,2017-04-11
"2017-04-12",65.419998,65.510002,65.110001,65.230003,17108500,60.041,2017-04-12
"2017-04-13",65.290001,65.860001,64.949997,64.949997,17896500,59.783272,2017-04-13
"2017-04-17",65.040001,65.489998,65.010002,65.480003,16689300,60.271114,2017-04-17
"2017-04-18",65.330002,65.709999,65.160004,65.389999,15155600,60.188274,2017-04-18
"2017-04-19",65.650002,65.75,64.889999,65.040001,26992800,59.866116,2017-04-19
"2017-04-20",65.459999,65.75,65.139999,65.5,22299500,60.289528,2017-04-20
"2017-04-21",65.669998,66.699997,65.449997,66.400002,32522600,61.117924,2017-04-21
"2017-04-24",67.480003,67.660004,67.099998,67.529999,29770000,62.158043,2017-04-24
"2017-04-25",67.900002,68.040001,67.599998,67.919998,30242700,62.517002,2017-04-25
"2017-04-26",68.080002,68.309998,67.620003,67.830002,26190800,62.434189,2017-04-26
"2017-04-27",68.150002,68.379997,67.580002,68.269997,34971000,62.839153,2017-04-27
"2017-04-28",68.910004,69.139999,67.690002,68.459999,39548800,63.014053,2017-04-28
"2017-05-01",68.68,69.550003,68.5,69.410004,31954400,63.888489,2017-05-01
"2017-05-02",69.709999,69.709999,69.129997,69.300003,23906100,63.787243,2017-05-02
"2017-05-03",69.379997,69.379997,68.709999,69.080002,28928000,63.584717,2017-05-03
"2017-05-04",69.029999,69.080002,68.639999,68.809998,21749400,63.33622,2017-05-04
"2017-05-05",68.900002,69.029999,68.489998,69,19128800,63.511101,2017-05-05
"2017-05-08",68.970001,69.050003,68.419998,68.940002,18566100,63.455853,2017-05-08
"2017-05-09",68.860001,69.279999,68.68,69.040001,22858400,63.547928,2017-05-09
"2017-05-10",68.989998,69.559998,68.919998,69.309998,17977800,63.796432,2017-05-10
"2017-05-11",68.360001,68.730003,68.120003,68.459999,28789400,63.014053,2017-05-11
"2017-05-12",68.610001,68.610001,68.040001,68.379997,18714100,62.940414,2017-05-12
"2017-05-15",68.139999,68.480003,67.57,68.43,31530300,62.986443,2017-05-15
"2017-05-16",68.230003,69.440002,68.160004,69.410004,34956000,64.2547,2017-05-16
"2017-05-17",68.889999,69.099998,67.43,67.480003,30548800,62.468033,2017-05-17
"2017-05-18",67.400002,68.129997,67.139999,67.709999,25201300,62.680946,2017-05-18
"2017-05-19",67.5,68.099998,67.43,67.690002,26961100,62.66243,2017-05-19
"2017-05-22",67.889999,68.5,67.5,68.449997,16237600,63.366009,2017-05-22
"2017-05-23",68.720001,68.75,68.379997,68.68,15425800,63.578903,2017-05-23
"2017-05-24",68.870003,68.879997,68.449997,68.769997,14593900,63.662201,2017-05-24
"2017-05-25",68.970001,69.879997,68.910004,69.620003,21854100,64.449081,2017-05-25
"2017-05-26",69.800003,70.220001,69.519997,69.959999,19827900,64.76387,2017-05-26
"2017-05-30",69.790001,70.410004,69.769997,70.410004,17072800,65.18042,2017-05-30
"2017-05-31",70.529999,70.739998,69.809998,69.839996,30436400,64.652756,2017-05-31
"2017-06-01",70.239998,70.610001,69.449997,70.099998,21603600,64.893448,2017-06-01
"2017-06-02",70.440002,71.860001,70.239998,71.760002,34770300,66.430153,2017-06-02
"2017-06-05",71.970001,72.889999,71.809998,72.279999,33316800,66.911522,2017-06-05
"2017-06-06",72.300003,72.620003,72.269997,72.519997,31511100,67.13369,2017-06-06
"2017-06-07",72.639999,72.769997,71.949997,72.389999,22301800,67.013359,2017-06-07
"2017-06-08",72.510002,72.519997,71.5,71.949997,24588300,66.606033,2017-06-08
"2017-06-09",72.040001,72.080002,68.589996,70.32,49187400,65.097092,2017-06-09
"2017-06-12",69.25,69.940002,68.129997,69.779999,47761700,64.597214,2017-06-12
"2017-06-13",70.019997,70.82,69.959999,70.650002,25258600,65.402573,2017-06-13
"2017-06-14",70.910004,71.099998,69.43,70.269997,25510700,65.050804,2017-06-14
"2017-06-15",69.269997,70.209999,68.800003,69.900002,26068700,64.708305,2017-06-15
"2017-06-16",69.730003,70.029999,69.220001,70,48345100,64.80088,2017-06-16
"2017-06-19",70.5,70.940002,70.349998,70.870003,23798300,65.60627,2017-06-19
"2017-06-20",70.82,70.870003,69.870003,69.910004,21512200,64.717545,2017-06-20
"2017-06-21",70.209999,70.620003,69.940002,70.269997,19891100,65.050804,2017-06-21
"2017-06-22",70.540001,70.589996,69.709999,70.260002,22965700,65.04155,2017-06-22
"2017-06-23",70.089996,71.25,69.919998,71.209999,27617300,65.921005,2017-06-23
"2017-06-26",71.400002,71.709999,70.440002,70.529999,19607000,65.291519,2017-06-26
"2017-06-27",70.110001,70.18,69.18,69.209999,25215100,64.069542,2017-06-27
"2017-06-28",69.209999,69.839996,68.790001,69.800003,25806200,64.61573,2017-06-28
"2017-06-29",69.379997,69.489998,68.089996,68.489998,28918700,63.403019,2017-06-29
"2017-06-30",68.779999,69.379997,68.739998,68.93,24161100,63.810337,2017-06-30
"2017-07-03",69.330002,69.599998,68.019997,68.169998,16165500,63.1068,2017-07-03
"2017-07-05",68.260002,69.440002,68.220001,69.080002,21176300,63.949177,2017-07-05
"2017-07-06",68.269997,68.779999,68.120003,68.57,21117600,63.477097,2017-07-06
"2017-07-07",68.699997,69.839996,68.699997,69.459999,16878300,64.30098,2017-07-07
"2017-07-10",69.459999,70.25,69.199997,69.980003,15014500,64.782356,2017-07-10
"2017-07-11",70,70.68,69.75,69.989998,17460000,64.791595,2017-07-11
"2017-07-12",70.690002,71.279999,70.550003,71.150002,17750900,65.865471,2017-07-12
"2017-07-13",71.5,72.040001,71.309998,71.769997,20269800,66.439392,2017-07-13
"2017-07-14",72.239998,73.269997,71.959999,72.779999,25868100,67.374405,2017-07-14
"2017-07-17",72.800003,73.449997,72.720001,73.349998,21803900,67.902039,2017-07-17
"2017-07-18",73.089996,73.389999,72.660004,73.300003,26435300,67.855774,2017-07-18
"2017-07-19",73.5,74.040001,73.449997,73.860001,22416200,68.374184,2017-07-19
"2017-07-20",74.18,74.300003,73.279999,74.220001,42361000,68.707443,2017-07-20
"2017-07-21",73.449997,74.290001,73.169998,73.790001,46717100,68.309387,2017-07-21
"2017-07-24",73.529999,73.75,73.129997,73.599998,21394800,68.133476,2017-07-24
"2017-07-25",73.800003,74.309998,73.5,74.190002,22018700,68.679672,2017-07-25
"2017-07-26",74.339996,74.379997,73.809998,74.050003,16252200,68.550056,2017-07-26
"2017-07-27",73.760002,74.419998,72.32,73.160004,36844200,67.726189,2017-07-27
"2017-07-28",72.669998,73.309998,72.540001,73.040001,18306700,67.615059,2017-07-28
"2017-07-31",73.300003,73.440002,72.410004,72.699997,23600100,67.300323,2017-07-31
"2017-08-01",73.099998,73.419998,72.489998,72.580002,22132300,67.189262,2017-08-01
"2017-08-02",72.550003,72.559998,71.440002,72.260002,26499200,66.893013,2017-08-02
"2017-08-03",72.190002,72.440002,71.849998,72.150002,18214400,66.791168,2017-08-03
"2017-08-04",72.400002,73.040001,72.239998,72.68,22579000,67.281807,2017-08-04
"2017-08-07",72.800003,72.900002,72.260002,72.400002,18705700,67.022621,2017-08-07
"2017-08-08",72.089996,73.129997,71.75,72.790001,22044600,67.383652,2017-08-08
"2017-08-09",72.25,72.510002,72.050003,72.470001,22213400,67.087425,2017-08-09
"2017-08-10",71.900002,72.190002,71.349998,71.410004,24734500,66.106133,2017-08-10
"2017-08-11",71.610001,72.699997,71.279999,72.5,21443700,67.115189,2017-08-11
"2017-08-14",73.059998,73.720001,72.949997,73.589996,20096600,68.124229,2017-08-14
"2017-08-15",73.589996,73.589996,73.040001,73.220001,19181400,68.142845,2017-08-15
"2017-08-16",73.339996,74.099998,73.169998,73.650002,18150400,68.54303,2017-08-16
"2017-08-17",73.580002,73.870003,72.400002,72.400002,22977500,67.379707,2017-08-17
"2017-08-18",72.269997,72.839996,71.93,72.489998,18761500,67.463463,2017-08-18
"2017-08-21",72.470001,72.480003,71.699997,72.150002,17734800,67.147018,2017-08-21
"2017-08-22",72.349998,73.239998,72.349998,73.160004,14343700,68.087021,2017-08-22
"2017-08-23",72.959999,73.150002,72.529999,72.720001,13766500,67.677505,2017-08-23
"2017-08-24",72.739998,72.860001,72.07,72.690002,17098300,67.64959,2017-08-24
"2017-08-25",72.860001,73.349998,72.480003,72.82,12794300,67.770561,2017-08-25
"2017-08-28",73.059998,73.089996,72.550003,72.830002,14569700,67.779892,2017-08-28
"2017-08-29",72.25,73.160004,72.050003,73.050003,11478400,67.984634,2017-08-29
"2017-08-30",73.010002,74.209999,72.830002,74.010002,16897800,68.878067,2017-08-30
"2017-08-31",74.029999,74.959999,73.800003,74.769997,27652800,69.585358,2017-08-31
"2017-09-01",74.709999,74.739998,73.639999,73.940002,21736200,68.812927,2017-09-01
"2017-09-05",73.339996,73.889999,72.980003,73.610001,21556000,68.505798,2017-09-05
"2017-09-06",73.739998,74.040001,73.349998,73.400002,16535800,68.310356,2017-09-06
"2017-09-07",73.68,74.599998,73.599998,74.339996,17471200,69.185173,2017-09-07
"2017-09-08",74.330002,74.440002,73.839996,73.980003,14703800,68.850128,2017-09-08
"2017-09-11",74.309998,74.940002,74.309998,74.760002,17910400,69.576057,2017-09-11
"2017-09-12",74.760002,75.239998,74.370003,74.68,14394900,69.50161,2017-09-12
"2017-09-13",74.93,75.230003,74.550003,75.209999,13380800,69.994843,2017-09-13
"2017-09-14",75,75.489998,74.519997,74.769997,15733900,69.585358,2017-09-14
"2017-09-15",74.830002,75.389999,74.07,75.309998,38578400,70.087914,2017-09-15
"2017-09-18",75.230003,75.970001,75.040001,75.160004,23307000,69.948334,2017-09-18
"2017-09-19",75.209999,75.709999,75.010002,75.440002,16093300,70.208885,2017-09-19
"2017-09-20",75.349998,75.550003,74.309998,74.940002,21587900,69.743561,2017-09-20
"2017-09-21",75.110001,75.239998,74.110001,74.209999,19186100,69.064186,2017-09-21
"2017-09-22",73.989998,74.510002,73.849998,74.410004,14111400,69.250313,2017-09-22
"2017-09-25",74.089996,74.25,72.919998,73.260002,24149200,68.180069,2017-09-25
"2017-09-26",73.669998,73.809998,72.989998,73.260002,18019600,68.180069,2017-09-26
"2017-09-27",73.550003,74.169998,73.169998,73.849998,19565100,68.729156,2017-09-27
"2017-09-28",73.540001,73.970001,73.309998,73.870003,10883800,68.747787,2017-09-28
"2017-09-29",73.940002,74.540001,73.879997,74.489998,17079100,69.324783,2017-09-29
"2017-10-02",74.709999,75.010002,74.300003,74.610001,15304800,69.436455,2017-10-02
"2017-10-03",74.669998,74.879997,74.190002,74.260002,12190400,69.110733,2017-10-03
"2017-10-04",74.089996,74.720001,73.709999,74.690002,13317700,69.510925,2017-10-04
"2017-10-05",75.220001,76.120003,74.959999,75.970001,21195300,70.702156,2017-10-05
"2017-10-06",75.669998,76.029999,75.540001,76,13959800,70.730072,2017-10-06
"2017-10-09",75.970001,76.550003,75.860001,76.290001,11386500,70.999947,2017-10-09
"2017-10-10",76.330002,76.629997,76.139999,76.290001,13944500,70.999947,2017-10-10
"2017-10-11",76.360001,76.459999,75.949997,76.419998,15388900,71.120941,2017-10-11
"2017-10-12",76.489998,77.290001,76.370003,77.120003,16876500,71.7724,2017-10-12
"2017-10-13",77.589996,77.870003,77.290001,77.489998,15335700,72.11673,2017-10-13
"2017-10-16",77.419998,77.809998,77.349998,77.650002,12380100,72.265656,2017-10-16
"2017-10-17",77.470001,77.620003,77.25,77.589996,16824000,72.209831,2017-10-17
"2017-10-18",77.669998,77.849998,77.370003,77.610001,13300700,72.228432,2017-10-18
"2017-10-19",77.57,77.93,77.349998,77.910004,15092800,72.507637,2017-10-19
"2017-10-20",78.32,78.970001,78.220001,78.809998,22866400,73.3452,2017-10-20
"2017-10-23",78.989998,79.339996,78.760002,78.830002,20627200,73.363838,2017-10-23
"2017-10-24",78.900002,79.199997,78.459999,78.860001,17517200,73.391762,2017-10-24
"2017-10-25",78.580002,79.099998,78.010002,78.629997,20410800,73.177696,2017-10-25
"2017-10-26",79.199997,79.419998,78.75,78.760002,32120700,73.298676,2017-10-26
"2017-10-27",84.370003,86.199997,83.610001,83.809998,71066700,77.998512,2017-10-27
"2017-10-30",83.699997,84.330002,83.110001,83.889999,31756700,78.072968,2017-10-30
"2017-10-31",84.360001,84.360001,83.110001,83.18,27086600,77.412216,2017-10-31
"2017-11-01",83.68,83.760002,82.879997,83.18,22307400,77.412216,2017-11-01
"2017-11-02",83.349998,84.459999,83.120003,84.050003,23992900,78.221848,2017-11-02
"2017-11-03",84.080002,84.540001,83.400002,84.139999,17633500,78.305649,2017-11-03
"2017-11-06",84.199997,84.699997,84.080002,84.470001,19860900,78.612747,2017-11-06
"2017-11-07",84.769997,84.900002,83.93,84.269997,17939700,78.426605,2017-11-07
"2017-11-08",84.139999,84.610001,83.830002,84.559998,18034200,78.696518,2017-11-08
"2017-11-09",84.110001,84.269997,82.900002,84.089996,21178400,78.259087,2017-11-09
"2017-11-10",83.790001,84.099998,83.230003,83.870003,19397800,78.054367,2017-11-10
"2017-11-13",83.660004,83.940002,83.459999,83.93,14196900,78.110184,2017-11-13
"2017-11-14",83.5,84.099998,82.980003,84.050003,18801300,78.221848,2017-11-14
"2017-11-15",83.470001,83.690002,82.690002,82.980003,19383100,77.613907,2017-11-15
"2017-11-16",83.099998,83.419998,82.940002,83.199997,20962800,77.819672,2017-11-16
"2017-11-17",83.120003,83.120003,82.239998,82.400002,22079000,77.071411,2017-11-17
"2017-11-20",82.400002,82.589996,82.25,82.529999,16315000,77.193001,2017-11-20
"2017-11-21",82.739998,83.839996,82.739998,83.720001,21237500,78.306061,2017-11-21
"2017-11-22",83.830002,83.900002,83.040001,83.110001,20553100,77.735504,2017-11-22
"2017-11-24",83.010002,83.43,82.779999,83.260002,7425600,77.875801,2017-11-24
"2017-11-27",83.309998,83.980003,83.300003,83.870003,18265200,78.446365,2017-11-27
"2017-11-28",84.07,85.059998,84.019997,84.879997,21926000,79.391052,2017-11-28
"2017-11-29",84.709999,84.919998,83.18,83.339996,27381100,77.950645,2017-11-29
"2017-11-30",83.510002,84.519997,83.339996,84.169998,33054600,78.726974,2017-11-30
"2017-12-01",83.599998,84.809998,83.220001,84.260002,29532100,78.81115,2017-12-01
"2017-12-04",84.419998,84.43,80.699997,81.080002,39094900,75.836784,2017-12-04
"2017-12-05",81.339996,82.68,80.980003,81.589996,26152300,76.313805,2017-12-05
"2017-12-06",81.550003,83.139999,81.43,82.779999,26162100,77.426842,2017-12-06
"2017-12-07",82.540001,82.800003,82,82.489998,23184500,77.155579,2017-12-07
"2017-12-08",83.629997,84.580002,83.330002,84.160004,24489100,78.71759,2017-12-08
"2017-12-11",84.290001,85.370003,84.120003,85.230003,22857900,79.718407,2017-12-11
"2017-12-12",85.309998,86.050003,85.080002,85.580002,23924100,80.045784,2017-12-12
"2017-12-13",85.739998,86,85.169998,85.349998,22062700,79.830643,2017-12-13
"2017-12-14",85.43,85.870003,84.529999,84.690002,19306000,79.213348,2017-12-14
"2017-12-15",85.260002,87.089996,84.879997,86.849998,53936700,81.233658,2017-12-15
"2017-12-18",87.120003,87.5,86.230003,86.379997,22283800,80.794037,2017-12-18
"2017-12-19",86.349998,86.349998,85.269997,85.830002,23524800,80.27961,2017-12-19
"2017-12-20",86.199997,86.300003,84.709999,85.519997,23674900,79.989647,2017-12-20
"2017-12-21",86.050003,86.099998,85.400002,85.5,17990700,79.970947,2017-12-21
"2017-12-22",85.400002,85.629997,84.919998,85.510002,14145800,79.980286,2017-12-22
"2017-12-26",85.309998,85.529999,85.029999,85.400002,9891200,79.877419,2017-12-26
"2017-12-27",85.650002,85.980003,85.220001,85.709999,14678000,80.167366,2017-12-27
"2017-12-28",85.900002,85.93,85.550003,85.720001,10594300,80.176743,2017-12-28
"2017-12-29",85.629997,86.050003,85.5,85.540001,18717400,80.008354,2017-12-29
"2018-01-02",86.129997,86.309998,85.5,85.949997,22483800,80.391853,2018-01-02
"2018-01-03",86.059998,86.510002,85.970001,86.349998,26061400,80.765984,2018-01-03
"2018-01-04",86.589996,87.660004,86.57,87.110001,21912000,81.476822,2018-01-04
"2018-01-05",87.660004,88.410004,87.43,88.190002,23407100,82.487,2018-01-05
"2018-01-08",88.199997,88.580002,87.599998,88.279999,22113000,82.571167,2018-01-08
"2018-01-09",88.650002,88.730003,87.860001,88.220001,19484300,82.51506,2018-01-09
"2018-01-10",87.860001,88.190002,87.410004,87.82,18652200,82.140915,2018-01-10
"2018-01-11",88.129997,88.129997,87.239998,88.080002,17808900,82.384094,2018-01-11
"2018-01-12",88.669998,89.779999,88.449997,89.599998,24271500,83.805801,2018-01-12
"2018-01-16",90.099998,90.790001,88.010002,88.349998,36599700,82.636658,2018-01-16
"2018-01-17",89.080002,90.279999,88.75,90.139999,25621200,84.310905,2018-01-17
"2018-01-18",89.800003,90.669998,89.660004,90.099998,24159700,84.273476,2018-01-18
"2018-01-19",90.139999,90.610001,89.660004,90,36875000,84.179947,2018-01-19
"2018-01-22",90,91.620003,89.739998,91.610001,23601600,85.685837,2018-01-22
"2018-01-23",91.900002,92.300003,91.540001,91.900002,23412800,85.957077,2018-01-23
"2018-01-24",92.550003,93.43,91.580002,91.82,33277500,85.882256,2018-01-24
"2018-01-25",92.470001,93.239998,91.93,92.330002,26383200,86.359261,2018-01-25
"2018-01-26",93.120003,94.059998,92.580002,94.059998,29172200,87.977402,2018-01-26
"2018-01-29",95.139999,95.449997,93.720001,93.919998,31569900,87.846451,2018-01-29
"2018-01-30",93.300003,93.660004,92.099998,92.739998,38635100,86.742752,2018-01-30
"2018-01-31",93.75,95.400002,93.510002,95.010002,48756300,88.865944,2018-01-31
"2018-02-01",94.790001,96.07,93.580002,94.260002,47227900,88.164459,2018-02-01
"2018-02-02",93.639999,93.970001,91.5,91.779999,47867800,85.844833,2018-02-02
"2018-02-05",90.559998,93.239998,88,88,51031500,82.30928,2018-02-05
"2018-02-06",86.889999,91.480003,85.25,91.330002,67998600,85.423927,2018-02-06
"2018-02-07",90.489998,91.769997,89.199997,89.610001,41107600,83.815178,2018-02-07
"2018-02-08",89.709999,89.879997,84.760002,85.010002,55628700,79.512634,2018-02-08
"2018-02-09",86.300003,88.93,83.830002,88.18,63499100,82.477631,2018-02-09
"2018-02-12",88.739998,89.779999,87.93,89.129997,35720300,83.366196,2018-02-12
"2018-02-13",88.93,90,87.800003,89.830002,26407700,84.020935,2018-02-13
"2018-02-14",88.510002,90.989998,88.410004,90.809998,34960900,85.336555,2018-02-14
"2018-02-15",91.209999,92.720001,90.620003,92.660004,27823900,87.075073,2018-02-15
"2018-02-16",92.449997,93.5,91.800003,92,30596900,86.454842,2018-02-16
"2018-02-20",91.480003,93.059998,91.010002,92.720001,30911700,87.131424,2018-02-20
"2018-02-21",92.980003,93.360001,91.489998,91.489998,26922500,85.975571,2018-02-21
"2018-02-22",92.050003,92.730003,91.360001,91.730003,24392800,86.201111,2018-02-22
"2018-02-23",93.599998,94.07,92.360001,94.059998,26329200,88.390686,2018-02-23
"2018-02-26",94.400002,95.449997,94.25,95.419998,30199800,89.668701,2018-02-26
"2018-02-27",95.739998,95.839996,94.199997,94.199997,25869100,88.522232,2018-02-27
"2018-02-28",94.839996,95.709999,93.629997,93.769997,31167300,88.118126,2018-02-28
"2018-03-01",93.989998,94.57,91.839996,92.849998,37135600,87.253578,2018-03-01
"2018-03-02",91.580002,93.150002,90.860001,93.050003,32830400,87.441551,2018-03-02
"2018-03-05",92.339996,94.269997,92.260002,93.639999,23901600,87.995995,2018-03-05
"2018-03-06",94.339996,94.489998,92.940002,93.32,22175800,87.695259,2018-03-06
"2018-03-07",93.160004,93.940002,92.43,93.860001,26716100,88.202721,2018-03-07
"2018-03-08",94.269997,95.099998,93.769997,94.43,25887800,88.738358,2018-03-08
"2018-03-09",95.290001,96.540001,95,96.540001,36937300,90.721191,2018-03-09
"2018-03-12",96.5,97.209999,96.040001,96.769997,26073700,90.937332,2018-03-12
"2018-03-13",97,97.239998,93.970001,94.410004,35387800,88.719574,2018-03-13
"2018-03-14",95.120003,95.410004,93.5,93.849998,32132000,88.193329,2018-03-14
"2018-03-15",93.529999,94.580002,92.830002,94.18,27611000,88.503426,2018-03-15
"2018-03-16",94.68,95.379997,93.919998,94.599998,49081300,88.898087,2018-03-16
"2018-03-19",93.739998,93.900002,92.110001,92.889999,33344100,87.291183,2018-03-19
"2018-03-20",93.050003,93.769997,93,93.129997,23075200,87.516716,2018-03-20
"2018-03-21",92.93,94.050003,92.209999,92.480003,24457100,86.905907,2018-03-21
"2018-03-22",91.269997,91.75,89.660004,89.790001,38604700,84.378014,2018-03-22
"2018-03-23",89.5,90.459999,87.080002,87.18,44068900,81.925339,2018-03-23
"2018-03-26",90.610001,94,90.400002,93.779999,56396800,88.127548,2018-03-26
"2018-03-27",94.940002,95.139999,88.510002,89.470001,56569000,84.077339,2018-03-27
"2018-03-28",89.82,91.230003,88.870003,89.389999,52501100,84.002144,2018-03-28
"2018-03-29",90.18,92.290001,88.400002,91.269997,45867500,85.768829,2018-03-29
"2018-04-02",90.470001,90.879997,87.510002,88.519997,48515400,83.184586,2018-04-02
"2018-04-03",89.580002,90.050003,87.889999,89.709999,37213800,84.302849,2018-04-03
"2018-04-04",87.849998,92.760002,87.730003,92.330002,35560000,86.764946,2018-04-04
"2018-04-05",92.440002,93.07,91.400002,92.379997,29771900,86.811951,2018-04-05
"2018-04-06",91.489998,92.459999,89.480003,90.230003,38026000,84.791512,2018-04-06
"2018-04-09",91.040001,93.169998,90.620003,90.769997,31533900,85.298965,2018-04-09
"2018-04-10",92.389999,93.279999,91.639999,92.879997,26812000,87.281784,2018-04-10
"2018-04-11",92.010002,93.290001,91.480003,91.860001,24872100,86.323265,2018-04-11
"2018-04-12",92.43,94.160004,92.43,93.580002,26758900,87.939575,2018-04-12
"2018-04-13",94.050003,94.18,92.440002,93.080002,23346100,87.469749,2018-04-13
"2018-04-16",94.07,94.660004,93.419998,94.169998,20288100,88.494034,2018-04-16
"2018-04-17",95,96.540001,94.879997,96.07,26771000,90.279518,2018-04-17
"2018-04-18",96.220001,96.720001,95.519997,96.440002,21043300,90.62722,2018-04-18
"2018-04-19",96.440002,97.07,95.339996,96.110001,23552500,90.317116,2018-04-19
"2018-04-20",95.910004,96.110001,94.050003,95,31154400,89.27401,2018-04-20
"2018-04-23",95.739998,96.290001,94.629997,95.349998,22331800,89.602913,2018-04-23
"2018-04-24",96.239998,96.470001,92.410004,93.120003,34524800,87.507317,2018-04-24
"2018-04-25",93.300003,93.300003,90.279999,92.309998,33729300,86.746147,2018-04-25
"2018-04-26",93.550003,95.150002,93.099998,94.260002,42529000,88.578598,2018-04-26
"2018-04-27",97.599998,97.900002,93.910004,95.82,48272800,90.044579,2018-04-27
"2018-04-30",96.330002,96.400002,93.150002,93.519997,41523600,87.883217,2018-04-30
"2018-05-01",93.209999,95.290001,92.790001,95,31408900,89.27401,2018-05-01
"2018-05-02",94.989998,95.169998,93.190002,93.510002,27471000,87.873817,2018-05-02
"2018-05-03",92.959999,94.93,92.449997,94.07,31142500,88.400078,2018-05-03
"2018-05-04",93.32,95.370003,92.919998,95.160004,22531300,89.424355,2018-05-04
"2018-05-07",95.169998,96.709999,95.099998,96.220001,24242000,90.420471,2018-05-07
"2018-05-08",95.849998,96.160004,95.059998,95.809998,23484600,90.035179,2018-05-08
"2018-05-09",96.010002,96.970001,95.050003,96.940002,27327400,91.097076,2018-05-09
"2018-05-10",97.459999,97.949997,97.050003,97.910004,22388100,92.008629,2018-05-10
"2018-05-11",97.800003,97.870003,97.040001,97.699997,16778300,91.811272,2018-05-11
"2018-05-14",97.919998,98.690002,97.309998,98.029999,19454100,92.121376,2018-05-14
"2018-05-15",97.239998,97.849998,96.339996,97.32,24594000,91.45417,2018-05-15
"2018-05-16",97.360001,97.400002,96.620003,97.150002,17384700,91.690125,2018-05-16
"2018-05-17",96.760002,97.540001,95.830002,96.18,17246700,90.774635,2018-05-17
"2018-05-18",96.010002,96.93,96.010002,96.360001,17865800,90.944534,2018-05-18
"2018-05-21",97,98.010002,96.800003,97.599998,19422500,92.114838,2018-05-21
"2018-05-22",97.68,98.169998,97.199997,97.5,15441200,92.02047,2018-05-22
"2018-05-23",96.709999,98.730003,96.32,98.660004,21251200,93.115273,2018-05-23
"2018-05-24",98.730003,98.940002,96.809998,98.309998,26649300,92.784927,2018-05-24
"2018-05-25",98.300003,98.980003,97.860001,98.360001,18363900,92.832108,2018-05-25
"2018-05-29",97.839996,98.879997,97.230003,98.010002,28671000,92.501793,2018-05-29
"2018-05-30",98.309998,99.25,97.910004,98.949997,22158500,93.388954,2018-05-30
"2018-05-31",99.290001,99.989998,98.610001,98.839996,34140900,93.285141,2018-05-31
"2018-06-01",99.279999,100.860001,99.169998,100.790001,28655600,95.125549,2018-06-01
"2018-06-04",101.260002,101.860001,100.849998,101.669998,27281600,95.956116,2018-06-04
"2018-06-05",102,102.330002,101.529999,102.190002,23514400,96.446892,2018-06-05
"2018-06-06",102.480003,102.599998,101.900002,102.489998,21122900,96.730003,2018-06-06
"2018-06-07",102.650002,102.690002,100.379997,100.879997,28232200,95.210487,2018-06-07
"2018-06-08",101.089996,101.949997,100.540001,101.629997,22165100,95.918358,2018-06-08
"2018-06-11",101.010002,101.589996,100.669998,101.050003,23490900,95.370956,2018-06-11
"2018-06-12",101.099998,101.449997,100.75,101.309998,18325200,95.616333,2018-06-12
"2018-06-13",101.720001,102.010002,100.559998,100.849998,29492900,95.182182,2018-06-13
"2018-06-14",101.650002,102.029999,101,101.419998,25691800,95.720154,2018-06-14
"2018-06-15",101.510002,101.529999,100.07,100.129997,65738600,94.502655,2018-06-15
"2018-06-18",100.010002,101.110001,99.419998,100.860001,23586000,95.191612,2018-06-18
"2018-06-19",99.650002,101,99.5,100.860001,28653100,95.191612,2018-06-19
"2018-06-20",101.370003,102.519997,101.120003,101.870003,26180800,96.144844,2018-06-20
"2018-06-21",102.080002,102.459999,100.879997,101.139999,23198200,95.455894,2018-06-21
"2018-06-22",100.410004,100.769997,99.629997,100.410004,38923100,94.766914,2018-06-22
"2018-06-25",100,100.110001,97.300003,98.389999,35433300,92.860458,2018-06-25
"2018-06-26",98.82,100.080002,98.75,99.080002,26897200,93.511673,2018-06-26
"2018-06-27",99.580002,100.019997,97.400002,97.540001,31298400,92.058212,2018-06-27
"2018-06-28",97.379997,99.110001,97.260002,98.629997,26650700,93.086952,2018-06-28
"2018-06-29",98.93,99.910004,98.330002,98.610001,28053200,93.068062,2018-06-29
"2018-07-02",98.099998,100.059998,98,100.010002,19564500,94.389381,2018-07-02
"2018-07-03",100.480003,100.629997,98.940002,99.050003,14670300,93.483353,2018-07-03
"2018-07-05",99.5,99.919998,99.029999,99.760002,18977400,94.153435,2018-07-05
"2018-07-06",99.889999,101.43,99.669998,101.160004,19234600,95.474754,2018-07-06
"2018-07-09",101.650002,102.25,101.25,101.849998,18212000,96.125992,2018-07-09
"2018-07-10",102,102.510002,101.860001,102.120003,19293100,96.380806,2018-07-10
"2018-07-11",101.150002,102.339996,101.099998,101.980003,19644600,96.248688,2018-07-11
"2018-07-12",102.769997,104.410004,102.730003,104.190002,24335900,98.334473,2018-07-12
"2018-07-13",104.370003,105.599998,104.089996,105.43,24635200,99.504784,2018-07-13
"2018-07-16",105.400002,105.82,104.519997,104.910004,21786900,99.014023,2018-07-16
"2018-07-17",104.610001,106.5,104.32,105.949997,25901700,99.995552,2018-07-17
"2018-07-18",105.940002,106.050003,104.720001,105.120003,29493900,99.212219,2018-07-18
"2018-07-19",104.93,105.309998,103.889999,104.400002,40171600,98.532677,2018-07-19
"2018-07-20",108.080002,108.199997,106.080002,106.269997,56004000,100.297569,2018-07-20
"2018-07-23",106.300003,108.139999,106.129997,107.970001,29707000,101.902023,2018-07-23
"2018-07-24",108.57,108.82,107.260002,107.660004,26316600,101.609474,2018-07-24
"2018-07-25",107.959999,111.150002,107.599998,110.830002,30702100,104.601311,2018-07-25
"2018-07-26",110.739998,111,109.5,109.620003,31372100,103.459312,2018-07-26
"2018-07-27",110.18,110.18,106.139999,107.68,37005300,101.628319,2018-07-27
"2018-07-30",107.190002,107.529999,104.760002,105.370003,34668300,99.448151,2018-07-30
"2018-07-31",106.489998,106.720001,105.379997,106.080002,27655200,100.118256,2018-07-31
"2018-08-01",106.029999,106.449997,105.419998,106.279999,23628700,100.30703,2018-08-01
"2018-08-02",105.400002,108.089996,104.839996,107.57,26104300,101.524529,2018-08-02
"2018-08-03",107.800003,108.050003,106.82,108.040001,18659600,101.968102,2018-08-03
"2018-08-06",108.120003,108.419998,107.559998,108.129997,20265900,102.053055,2018-08-06
"2018-08-07",108.559998,109.099998,108.169998,108.879997,16080200,102.76088,2018-08-07
"2018-08-08",109.330002,109.75,108.760002,109.489998,15487500,103.336578,2018-08-08
"2018-08-09",109.709999,110.160004,109.599998,109.669998,13677200,103.506493,2018-08-09
"2018-08-10",109.419998,109.690002,108.379997,109,18183700,102.874146,2018-08-10
"2018-08-13",109.239998,109.580002,108.099998,108.209999,18472500,102.128548,2018-08-13
"2018-08-14",108.559998,109.75,108.040001,109.559998,16788300,103.402672,2018-08-14
"2018-08-15",108.489998,108.989998,106.82,107.660004,29982800,102.000488,2018-08-15
"2018-08-16",108.300003,108.860001,107.300003,107.639999,21384300,101.981514,2018-08-16
"2018-08-17",107.360001,107.900002,106.690002,107.580002,18061500,101.924675,2018-08-17
"2018-08-20",107.510002,107.900002,106.480003,106.870003,17914200,101.251999,2018-08-20
"2018-08-21",106.919998,107.349998,105.849998,105.980003,22881900,100.408798,2018-08-21
"2018-08-22",105.849998,107.339996,105.779999,107.059998,18000600,101.43203,2018-08-22
"2018-08-23",107.150002,108.18,106.870003,107.559998,18167700,101.905731,2018-08-23
"2018-08-24",107.669998,108.559998,107.559998,108.400002,17234000,102.701584,2018-08-24
"2018-08-27",109.269997,109.639999,108.510002,109.599998,19662300,103.838493,2018-08-27
"2018-08-28",109.940002,110.5,109.790001,110.260002,19151500,104.463791,2018-08-28
"2018-08-29",110.449997,112.029999,110.269997,112.019997,20818000,106.131279,2018-08-29
"2018-08-30",111.669998,112.610001,111.440002,111.949997,22798700,106.064964,2018-08-30
"2018-08-31",111.690002,112.779999,111.519997,112.330002,23222700,106.424988,2018-08-31
"2018-09-04",110.849998,111.959999,110.220001,111.709999,22634600,105.83757,2018-09-04
"2018-09-05",111.010002,111.419998,108.099998,108.489998,32872400,102.786842,2018-09-05
"2018-09-06",108.25,108.989998,107.510002,108.739998,23477600,103.023712,2018-09-06
"2018-09-07",108.230003,108.720001,107.230003,108.209999,22498600,102.521568,2018-09-07
"2018-09-10",108.839996,109.639999,108.360001,109.379997,20727900,103.630051,2018-09-10
"2018-09-11",108.900002,111.589996,108.889999,111.239998,24301800,105.392303,2018-09-11
"2018-09-12",111.43,111.849998,110.510002,111.709999,18891100,105.83757,2018-09-12
"2018-09-13",112.120003,113.730003,112.120003,112.910004,26055600,106.974495,2018-09-13
"2018-09-14",113.360001,113.730003,112.440002,113.370003,19122300,107.410324,2018-09-14
"2018-09-17",113.690002,113.699997,111.860001,112.139999,20736500,106.244987,2018-09-17
"2018-09-18",112.190002,113.699997,111.720001,113.209999,22170900,107.258728,2018-09-18
"2018-09-19",113.050003,113.32,111.040001,111.699997,21728400,105.828094,2018-09-19
"2018-09-20",112.279999,113.800003,111.93,113.57,23714500,107.599808,2018-09-20
"2018-09-21",114,115.290001,113.510002,114.260002,71229700,108.25354,2018-09-21
"2018-09-24",113.029999,114.900002,112.220001,114.669998,27334500,108.641975,2018-09-24
"2018-09-25",114.800003,115.099998,113.75,114.449997,22668000,108.43354,2018-09-25
"2018-09-26",114.470001,115.059998,113.739998,113.980003,19352000,107.988235,2018-09-26
"2018-09-27",114.779999,114.910004,114.199997,114.410004,19091300,108.39566,2018-09-27
"2018-09-28",114.190002,114.57,113.68,114.370003,21647800,108.357758,2018-09-28
"2018-10-01",114.75,115.68,114.730003,115.610001,18883100,109.532562,2018-10-01
"2018-10-02",115.300003,115.839996,114.440002,115.150002,20787200,109.096741,2018-10-02
"2018-10-03",115.419998,116.18,114.93,115.169998,16648000,109.115692,2018-10-03
"2018-10-04",114.610001,114.760002,111.629997,112.790001,34821700,106.860809,2018-10-04
"2018-10-05",112.629997,113.169998,110.639999,112.129997,29068900,106.235497,2018-10-05
"2018-10-08",111.660004,112.029999,109.339996,110.849998,29640600,105.022797,2018-10-08
"2018-10-09",111.139999,113.080002,110.800003,112.260002,26198600,106.358665,2018-10-09
"2018-10-10",111.239998,111.5,105.790001,106.160004,61376300,100.579338,2018-10-10
"2018-10-11",105.349998,108.93,104.199997,105.910004,63904300,100.342499,2018-10-11
"2018-10-12",109.010002,111.239998,107.120003,109.57,47742100,103.810081,2018-10-12
"2018-10-15",108.910004,109.480003,106.949997,107.599998,32068100,101.943642,2018-10-15
"2018-10-16",109.540001,111.410004,108.949997,111,31610200,105.164894,2018-10-16
"2018-10-17",111.68,111.809998,109.550003,110.709999,26548200,104.890152,2018-10-17
"2018-10-18",110.099998,110.529999,107.830002,108.5,32506200,102.796318,2018-10-18
"2018-10-19",108.93,110.860001,108.209999,108.660004,32785500,102.947906,2018-10-19
"2018-10-22",109.32,110.540001,108.239998,109.629997,26545600,103.86692,2018-10-22
"2018-10-23",107.769997,108.970001,105.110001,108.099998,43770400,102.417351,2018-10-23
"2018-10-24",108.410004,108.489998,101.589996,102.32,63897800,96.941193,2018-10-24
"2018-10-25",106.550003,109.269997,106.150002,108.300003,61646800,102.606834,2018-10-25
"2018-10-26",105.690002,108.75,104.760002,106.959999,55523100,101.337288,2018-10-26
"2018-10-29",108.110001,108.699997,101.629997,103.849998,55162000,98.390747,2018-10-29
"2018-10-30",103.660004,104.379997,100.110001,103.730003,65350900,98.277084,2018-10-30
"2018-10-31",105.440002,108.139999,105.389999,106.809998,51062400,101.195168,2018-10-31
"2018-11-01",107.050003,107.32,105.529999,105.919998,33384200,100.351952,2018-11-01
"2018-11-02",106.480003,107.32,104.980003,106.160004,37680200,100.579338,2018-11-02
"2018-11-05",106.370003,107.739998,105.900002,107.510002,27922100,101.858368,2018-11-05
"2018-11-06",107.379997,108.839996,106.279999,107.720001,24340200,102.057304,2018-11-06
"2018-11-07",109.440002,112.239998,109.400002,111.959999,37901700,106.074417,2018-11-07
"2018-11-08",111.800003,112.209999,110.910004,111.75,25644100,105.875465,2018-11-08
"2018-11-09",110.849998,111.449997,108.760002,109.57,32039200,103.810081,2018-11-09
"2018-11-12",109.419998,109.959999,106.099998,106.870003,33621800,101.251999,2018-11-12
"2018-11-13",107.550003,108.739998,106.639999,106.940002,35374600,101.318329,2018-11-13
"2018-11-14",108.099998,108.260002,104.470001,104.970001,39495100,99.881523,2018-11-14
"2018-11-15",104.989998,107.800003,103.910004,107.279999,38505200,102.079567,2018-11-15
"2018-11-16",107.080002,108.879997,106.800003,108.290001,33502100,103.040604,2018-11-16
"2018-11-19",108.269997,108.559998,103.550003,104.620003,44773900,99.5485,2018-11-19
"2018-11-20",101.800003,102.970001,99.349998,101.709999,64052500,96.779556,2018-11-20
"2018-11-21",103.599998,104.43,102.239998,103.110001,28130600,98.111694,2018-11-21
"2018-11-23",102.169998,103.809998,102,103.07,13823100,98.073608,2018-11-23
"2018-11-26",104.790001,106.629997,104.580002,106.470001,32336200,101.308823,2018-11-26
"2018-11-27",106.269997,107.330002,105.360001,107.139999,29124500,101.946342,2018-11-27
"2018-11-28",107.889999,111.330002,107.860001,111.120003,46788500,105.733421,2018-11-28
"2018-11-29",110.330002,111.120003,109.029999,110.190002,28123200,104.848488,2018-11-29
"2018-11-30",110.699997,110.970001,109.360001,110.889999,33665600,105.514557,2018-11-30
"2018-12-03",113,113.419998,110.730003,112.089996,34732800,106.656395,2018-12-03
"2018-12-04",111.940002,112.639999,108.209999,108.519997,45197000,103.259422,2018-12-04
"2018-12-06",105.82,109.239998,105,109.190002,49107400,103.896957,2018-12-06
"2018-12-07",108.379997,109.449997,104.300003,104.82,45044900,99.7388,2018-12-07
"2018-12-10",104.800003,107.980003,103.889999,107.589996,40801500,102.374535,2018-12-10
"2018-12-11",109.800003,110.949997,107.440002,108.589996,42381900,103.326027,2018-12-11
"2018-12-12",110.889999,111.269997,109.040001,109.080002,36183000,103.79229,2018-12-12
"2018-12-13",109.580002,110.870003,108.629997,109.449997,31333400,104.144371,2018-12-13
"2018-12-14",108.25,109.260002,105.5,106.029999,47043100,100.890137,2018-12-14
"2018-12-17",105.410004,105.800003,101.709999,102.889999,56957300,97.902351,2018-12-17
"2018-12-18",103.75,104.510002,102.519997,103.970001,49319200,98.930008,2018-12-18
"2018-12-19",103.650002,106.879997,101.349998,103.690002,68198200,98.663574,2018-12-19
"2018-12-20",103.050003,104.309998,98.779999,101.510002,70334200,96.589249,2018-12-20
"2018-12-21",101.629997,103,97.459999,98.230003,111242100,93.468246,2018-12-21
"2018-12-24",97.68,97.970001,93.980003,94.129997,43935200,89.567001,2018-12-24
"2018-12-26",95.139999,100.690002,93.959999,100.559998,51634800,95.685303,2018-12-26
"2018-12-27",99.300003,101.190002,96.400002,101.18,49498500,96.275246,2018-12-27
"2018-12-28",102.089996,102.410004,99.519997,100.389999,38196300,95.523567,2018-12-28
"2018-12-31",101.290001,102.400002,100.440002,101.57,33173800,96.646362,2018-12-31
"2019-01-02",99.550003,101.75,98.940002,101.120003,35329300,96.218178,2019-01-02
"2019-01-03",100.099998,100.190002,97.199997,97.400002,42579100,92.678497,2019-01-03
"2019-01-04",99.720001,102.510002,98.93,101.93,44060600,96.988907,2019-01-04
"2019-01-07",101.639999,103.269997,100.980003,102.059998,35656100,97.112587,2019-01-07
"2019-01-08",103.040001,103.970001,101.709999,102.800003,31514400,97.816727,2019-01-08
"2019-01-09",103.860001,104.879997,103.239998,104.269997,32280800,99.215454,2019-01-09
"2019-01-10",103.220001,103.75,102.379997,103.599998,30067600,98.57795,2019-01-10
"2019-01-11",103.190002,103.440002,101.639999,102.800003,28314200,97.816727,2019-01-11
"2019-01-14",101.900002,102.870003,101.260002,102.050003,28437100,97.103081,2019-01-14
"2019-01-15",102.510002,105.050003,101.879997,105.010002,31587600,99.919594,2019-01-15
"2019-01-16",105.260002,106.260002,104.959999,105.379997,29853900,100.27166,2019-01-16
"2019-01-17",105,106.629997,104.760002,106.120003,28393000,100.975761,2019-01-17
"2019-01-18",107.459999,107.900002,105.910004,107.709999,37427600,102.488708,2019-01-18
"2019-01-22",106.75,107.099998,104.860001,105.68,32371300,100.557121,2019-01-22
"2019-01-23",106.120003,107.040001,105.339996,106.709999,25874300,101.537186,2019-01-23
"2019-01-24",106.860001,107,105.339996,106.199997,23164800,101.05191,2019-01-24
"2019-01-25",107.239998,107.879997,106.199997,107.169998,31225600,101.974876,2019-01-25
"2019-01-28",106.260002,106.480003,104.660004,105.080002,29476700,99.986206,2019-01-28
"2019-01-29",104.879997,104.970001,102.169998,102.940002,31490500,97.949944,2019-01-29
"2019-01-30",104.620003,106.379997,104.330002,106.379997,49471900,101.223175,2019-01-30
"2019-01-31",103.800003,105.220001,103.18,104.43,55636400,99.367706,2019-01-31
"2019-02-01",103.779999,104.099998,102.349998,102.779999,35535700,97.797676,2019-02-01
"2019-02-04",102.870003,105.800003,102.769997,105.739998,31315100,100.614204,2019-02-04
"2019-02-05",106.059998,107.269997,105.959999,107.220001,27325400,102.022461,2019-02-05
"2019-02-06",107,107,105.529999,106.029999,20609800,100.890137,2019-02-06
"2019-02-07",105.190002,105.589996,104.290001,105.269997,29760700,100.166985,2019-02-07
"2019-02-08",104.389999,105.779999,104.260002,105.669998,21461100,100.547585,2019-02-08
"2019-02-11",106.199997,106.580002,104.970001,105.25,18914100,100.147949,2019-02-11
"2019-02-12",106.139999,107.139999,105.480003,106.889999,25056600,101.70845,2019-02-12
"2019-02-13",107.5,107.779999,106.709999,106.809998,18394900,101.632339,2019-02-13
"2019-02-14",106.309998,107.290001,105.660004,106.900002,21784700,101.717979,2019-02-14
"2019-02-15",107.910004,108.300003,107.360001,108.220001,26606900,102.973969,2019-02-15
"2019-02-19",107.790001,108.660004,107.779999,108.169998,18038500,102.926414,2019-02-19
"2019-02-20",107.860001,107.940002,106.290001,107.150002,21607700,102.391296,2019-02-20
"2019-02-21",106.900002,109.480003,106.870003,109.410004,29063200,104.550896,2019-02-21
"2019-02-22",110.050003,111.199997,109.82,110.970001,27763200,106.041618,2019-02-22
"2019-02-25",111.760002,112.18,111.260002,111.589996,23750600,106.634079,2019-02-25
"2019-02-26",111.260002,113.239998,111.169998,112.360001,21536700,107.369896,2019-02-26
"2019-02-27",111.690002,112.360001,110.879997,112.169998,21487100,107.188332,2019-02-27
"2019-02-28",112.040001,112.879997,111.730003,112.029999,29083900,107.054543,2019-02-28
"2019-03-01",112.889999,113.019997,111.669998,112.529999,23501200,107.532326,2019-03-01
"2019-03-04",113.019997,113.25,110.800003,112.260002,26608000,107.27433,2019-03-04
"2019-03-05",112.25,112.389999,111.230003,111.699997,19538300,106.739204,2019-03-05
"2019-03-06",111.870003,112.660004,111.43,111.75,17687000,106.786987,2019-03-06
"2019-03-07",111.400002,111.550003,109.870003,110.389999,25339000,105.487389,2019-03-07
"2019-03-08",109.160004,110.709999,108.800003,110.510002,22818400,105.602066,2019-03-08
"2019-03-11",110.989998,112.949997,110.980003,112.830002,26491600,107.819016,2019-03-11
"2019-03-12",112.82,113.989998,112.650002,113.620003,26132700,108.573936,2019-03-12
"2019-03-13",114.129997,115,113.779999,114.5,35513800,109.414856,2019-03-13
"2019-03-14",114.540001,115.199997,114.330002,114.589996,30763400,109.500854,2019-03-14
"2019-03-15",115.339996,117.25,114.589996,115.910004,54681100,110.762253,2019-03-15
"2019-03-18",116.169998,117.610001,116.050003,117.57,31207600,112.348511,2019-03-18
"2019-03-19",118.089996,118.440002,116.989998,117.650002,37588700,112.424965,2019-03-19
"2019-03-20",117.389999,118.75,116.709999,117.519997,28113300,112.300735,2019-03-20
"2019-03-21",117.139999,120.82,117.089996,120.220001,29854400,114.880814,2019-03-21
"2019-03-22",119.5,119.589996,117.040001,117.050003,33624500,111.851608,2019-03-22
"2019-03-25",116.559998,118.010002,116.32,117.660004,27067100,112.434517,2019-03-25
"2019-03-26",118.620003,118.709999,116.849998,117.910004,26097700,112.673401,2019-03-26
"2019-03-27",117.879997,118.209999,115.519997,116.769997,22733400,111.584038,2019-03-27
"2019-03-28",117.440002,117.580002,116.129997,116.93,18334800,111.736938,2019-03-28
"2019-03-29",118.07,118.32,116.959999,117.940002,25399800,112.70208,2019-03-29
"2019-04-01",118.949997,119.110001,118.099998,119.019997,22789100,113.734108,2019-04-01
"2019-04-02",119.059998,119.480003,118.519997,119.190002,18142300,113.896561,2019-04-02
"2019-04-03",119.860001,120.43,119.150002,119.970001,22860700,114.641914,2019-04-03
"2019-04-04",120.099998,120.230003,118.379997,119.360001,20112800,114.059029,2019-04-04
"2019-04-05",119.389999,120.230003,119.370003,119.889999,15826200,114.565475,2019-04-05
"2019-04-08",119.809998,120.019997,118.639999,119.93,15116200,114.603691,2019-04-08
"2019-04-09",118.629997,119.540001,118.580002,119.279999,17612000,113.982559,2019-04-09
"2019-04-10",119.760002,120.349998,119.540001,120.190002,16477200,114.852158,2019-04-10
"2019-04-11",120.540001,120.849998,119.919998,120.330002,14209100,114.985924,2019-04-11
"2019-04-12",120.639999,120.980003,120.370003,120.949997,19745100,115.578384,2019-04-12
"2019-04-15",120.940002,121.580002,120.57,121.050003,15792600,115.673958,2019-04-15
"2019-04-16",121.639999,121.650002,120.099998,120.769997,14071800,115.406387,2019-04-16
"2019-04-17",121.239998,121.849998,120.540001,121.769997,19300900,116.361961,2019-04-17
"2019-04-18",122.190002,123.519997,121.300003,123.370003,27991000,117.890923,2019-04-18
"2019-04-22",122.620003,124,122.57,123.760002,15648700,118.263611,2019-04-22
"2019-04-23",124.099998,125.580002,123.830002,125.440002,24025500,119.86898,2019-04-23
"2019-04-24",125.790001,125.849998,124.519997,125.010002,31257000,119.458084,2019-04-24
"2019-04-25",130.059998,131.369995,128.830002,129.149994,38033900,123.4142,2019-04-25
"2019-04-26",129.699997,130.520004,129.020004,129.889999,23654900,124.121376,2019-04-26
"2019-04-29",129.899994,130.179993,129.350006,129.770004,16324200,124.006668,2019-04-29
"2019-04-30",129.809998,130.699997,129.389999,130.600006,24166500,124.799835,2019-04-30
"2019-05-01",130.529999,130.649994,127.699997,127.879997,26821700,122.200615,2019-05-01
"2019-05-02",127.980003,128,125.519997,126.209999,27350200,120.604797,2019-05-02
"2019-05-03",127.360001,129.429993,127.25,128.899994,24911100,123.175331,2019-05-03
"2019-05-06",126.389999,128.559998,126.110001,128.149994,24239800,122.458626,2019-05-06
"2019-05-07",126.459999,127.18,124.220001,125.519997,36017700,119.945442,2019-05-07
"2019-05-08",125.440002,126.370003,124.75,125.510002,28419000,119.935867,2019-05-08
"2019-05-09",124.290001,125.790001,123.57,125.5,27235800,119.926331,2019-05-09
"2019-05-10",124.910004,127.93,123.82,127.129997,30915100,121.483925,2019-05-10
"2019-05-13",124.110001,125.550003,123.040001,123.349998,33944900,117.871803,2019-05-13
"2019-05-14",123.870003,125.879997,123.699997,124.730003,25266300,119.190521,2019-05-14
"2019-05-15",124.260002,126.709999,123.699997,126.019997,24722700,120.86898,2019-05-15
"2019-05-16",126.75,129.380005,126.459999,128.929993,30112200,123.660027,2019-05-16
"2019-05-17",128.309998,130.460007,127.919998,128.070007,25770500,122.83519,2019-05-17
"2019-05-20",126.519997,127.589996,125.760002,126.220001,23706900,121.060799,2019-05-20
"2019-05-21",127.43,127.529999,126.580002,126.900002,15293300,121.713005,2019-05-21
"2019-05-22",126.620003,128.240005,126.519997,127.669998,15396500,122.451553,2019-05-22
"2019-05-23",126.199997,126.290001,124.739998,126.18,23603800,121.022438,2019-05-23
"2019-05-24",126.910004,127.419998,125.970001,126.239998,14123400,121.080002,2019-05-24
"2019-05-28",126.980003,128,126.050003,126.160004,23128400,121.003265,2019-05-28
"2019-05-29",125.379997,125.389999,124.040001,124.940002,22763100,119.833122,2019-05-29
"2019-05-30",125.260002,125.760002,124.779999,125.730003,16829600,120.590836,2019-05-30
"2019-05-31",124.230003,124.620003,123.32,123.68,26646800,118.624641,2019-05-31
"2019-06-03",123.849998,124.370003,119.010002,119.839996,37983600,114.941582,2019-06-03
"2019-06-04",121.279999,123.279999,120.650002,123.160004,29382600,118.1259,2019-06-04
"2019-06-05",124.949997,125.870003,124.209999,125.830002,24926100,120.68676,2019-06-05
"2019-06-06",126.440002,127.970001,125.599998,127.82,21459000,122.595413,2019-06-06
"2019-06-07",129.190002,132.25,128.259995,131.399994,33885600,126.029091,2019-06-07
"2019-06-10",132.399994,134.080002,132,132.600006,26477100,127.180023,2019-06-10
"2019-06-11",133.880005,134.240005,131.279999,132.100006,23913700,126.700478,2019-06-11
"2019-06-12",131.399994,131.970001,130.710007,131.490005,17092500,126.115417,2019-06-12
"2019-06-13",131.979996,133,131.559998,132.320007,17200800,126.911491,2019-06-13
"2019-06-14",132.259995,133.789993,131.639999,132.449997,17821700,127.036171,2019-06-14
"2019-06-17",132.630005,133.729996,132.529999,132.850006,14517800,127.419807,2019-06-17
"2019-06-18",134.190002,135.240005,133.570007,135.160004,25934500,129.635406,2019-06-18
"2019-06-19",135,135.929993,133.809998,135.690002,23744400,130.143707,2019-06-19
"2019-06-20",137.449997,137.660004,135.720001,136.949997,33042600,131.352219,2019-06-20
"2019-06-21",136.580002,137.729996,136.460007,136.970001,36727900,131.371414,2019-06-21
"2019-06-24",137,138.399994,137,137.779999,20628800,132.148315,2019-06-24
"2019-06-25",137.25,137.589996,132.729996,133.429993,33327400,127.976097,2019-06-25
"2019-06-26",134.350006,135.740005,133.600006,133.929993,23657700,128.455658,2019-06-26
"2019-06-27",134.139999,134.710007,133.509995,134.149994,16557500,128.666687,2019-06-27
"2019-06-28",134.570007,134.600006,133.160004,133.960007,30043000,128.484451,2019-06-28
"2019-07-01",136.630005,136.699997,134.970001,135.679993,22613500,130.134125,2019-07-01
"2019-07-02",136.119995,136.589996,135.339996,136.580002,15237800,130.997375,2019-07-02
"2019-07-03",136.800003,137.740005,136.289993,137.460007,13629300,131.841415,2019-07-03
"2019-07-05",135.940002,137.330002,135.720001,137.059998,18141100,131.457748,2019-07-05
"2019-07-08",136.399994,137.100006,135.369995,136.960007,16779700,131.361816,2019-07-08
"2019-07-09",136,136.970001,135.800003,136.460007,19953100,130.882233,2019-07-09
"2019-07-10",137.130005,138.580002,137.020004,137.850006,24204400,132.215454,2019-07-10
"2019-07-11",138.199997,139.220001,137.869995,138.399994,22327900,132.74295,2019-07-11
"2019-07-12",138.850006,139.130005,138.009995,138.899994,18936800,133.222488,2019-07-12
"2019-07-15",139.440002,139.539993,138.460007,138.899994,16651500,133.222488,2019-07-15
"2019-07-16",138.960007,139.050003,136.520004,137.080002,22726100,131.476913,2019-07-16
"2019-07-17",137.699997,137.929993,136.220001,136.270004,20211000,130.700027,2019-07-17
"2019-07-18",135.550003,136.619995,134.669998,136.419998,30381800,130.843903,2019-07-18
"2019-07-19",140.220001,140.669998,136.449997,136.619995,48992400,131.03569,2019-07-19
"2019-07-22",137.410004,139.190002,137.330002,138.429993,25074900,132.771744,2019-07-22
"2019-07-23",139.759995,139.990005,138.029999,139.289993,18034600,133.596573,2019-07-23
"2019-07-24",138.899994,140.740005,138.850006,140.720001,20738300,134.96814,2019-07-24
"2019-07-25",140.429993,140.610001,139.320007,140.190002,18356900,134.459793,2019-07-25
"2019-07-26",140.369995,141.679993,140.300003,141.339996,19037600,135.56279,2019-07-26
"2019-07-29",141.5,141.509995,139.369995,141.029999,16605900,135.265457,2019-07-29
"2019-07-30",140.139999,141.220001,139.800003,140.350006,16846500,134.613297,2019-07-30
"2019-07-31",140.330002,140.490005,135.080002,136.270004,38598800,130.700027,2019-07-31
"2019-08-01",137,140.940002,136.929993,138.059998,40557500,132.41687,2019-08-01
"2019-08-02",138.089996,138.320007,135.259995,136.899994,30791600,131.304306,2019-08-02
"2019-08-05",133.300003,133.929993,130.779999,132.210007,42749600,126.805984,2019-08-05
"2019-08-06",133.800003,135.679993,133.210007,134.690002,32696700,129.184616,2019-08-06
"2019-08-07",133.789993,135.649994,131.830002,135.279999,33414500,129.750473,2019-08-07
"2019-08-08",136.600006,138.990005,135.929993,138.889999,27496500,133.212921,2019-08-08
"2019-08-09",138.610001,139.380005,136.460007,137.710007,23466700,132.081146,2019-08-09
"2019-08-12",137.070007,137.860001,135.240005,135.789993,20484300,130.239639,2019-08-12
"2019-08-13",136.050003,138.800003,135,138.600006,25154600,132.934814,2019-08-13
"2019-08-14",136.360001,136.919998,133.669998,133.979996,32527300,128.931519,2019-08-14
"2019-08-15",134.389999,134.580002,132.25,133.679993,28074400,128.642822,2019-08-15
"2019-08-16",134.880005,136.460007,134.720001,136.130005,24449100,131.000488,2019-08-16
"2019-08-19",137.850006,138.550003,136.889999,138.410004,24355700,133.194611,2019-08-19
"2019-08-20",138.210007,138.710007,137.240005,137.259995,21170800,132.087936,2019-08-20
"2019-08-21",138.550003,139.490005,138,138.789993,14970300,133.560257,2019-08-21
"2019-08-22",138.660004,139.199997,136.289993,137.779999,18697000,132.588348,2019-08-22
"2019-08-23",137.190002,138.350006,132.800003,133.389999,38508600,128.363785,2019-08-23
"2019-08-26",134.990005,135.559998,133.899994,135.449997,20312600,130.34613,2019-08-26
"2019-08-27",136.389999,136.720001,134.660004,135.740005,23102100,130.625229,2019-08-27
"2019-08-28",134.880005,135.759995,133.550003,135.559998,17393300,130.451981,2019-08-28
"2019-08-29",137.25,138.440002,136.910004,138.119995,20168700,132.915543,2019-08-29
"2019-08-30",139.149994,139.179993,136.270004,137.860001,23940100,132.665344,2019-08-30
"2019-09-03",136.610001,137.199997,135.699997,136.039993,18869300,130.913925,2019-09-03
"2019-09-04",137.300003,137.690002,136.479996,137.630005,17995900,132.444031,2019-09-04
"2019-09-05",139.110001,140.380005,138.759995,140.050003,26101800,134.772812,2019-09-05
"2019-09-06",140.029999,140.179993,138.199997,139.100006,20824500,133.858612,2019-09-06
"2019-09-09",139.589996,139.75,136.460007,137.520004,25773900,132.338165,2019-09-09
"2019-09-10",136.800003,136.889999,134.509995,136.080002,28903400,130.952408,2019-09-10
"2019-09-11",135.910004,136.270004,135.089996,136.119995,24726100,130.990921,2019-09-11
"2019-09-12",137.850006,138.419998,136.869995,137.520004,27010000,132.338165,2019-09-12
"2019-09-13",137.779999,138.059998,136.570007,137.320007,23363100,132.145691,2019-09-13
"2019-09-16",135.830002,136.699997,135.660004,136.330002,16731400,131.193008,2019-09-16
"2019-09-17",136.960007,137.520004,136.429993,137.389999,17814200,132.213028,2019-09-17
"2019-09-18",137.360001,138.669998,136.529999,138.520004,23982100,133.300476,2019-09-18
"2019-09-19",140.300003,142.369995,140.070007,141.070007,35772100,135.754379,2019-09-19
"2019-09-20",141.009995,141.649994,138.25,139.440002,39167300,134.185791,2019-09-20
"2019-09-23",139.229996,139.630005,138.440002,139.139999,17139300,133.89711,2019-09-23
"2019-09-24",140.360001,140.690002,136.880005,137.380005,29773200,132.20343,2019-09-24
"2019-09-25",137.5,139.960007,136.029999,139.360001,21382000,134.108841,2019-09-25
"2019-09-26",139.440002,140.179993,138.440002,139.539993,17456600,134.282028,2019-09-26
"2019-09-27",140.149994,140.360001,136.649994,137.729996,22477700,132.540207,2019-09-27
"2019-09-30",138.050003,139.220001,137.779999,139.029999,17280900,133.791245,2019-09-30
"2019-10-01",139.660004,140.25,137,137.070007,21466600,131.90509,2019-10-01
"2019-10-02",136.25,136.369995,133.580002,134.649994,30521700,129.576248,2019-10-02
"2019-10-03",134.949997,136.75,133.220001,136.279999,24132900,131.144836,2019-10-03
"2019-10-04",136.75,138.25,136.419998,138.119995,22897700,132.915543,2019-10-04
"2019-10-07",137.139999,138.179993,137.020004,137.119995,15303700,131.953201,2019-10-07
"2019-10-08",137.080002,137.759995,135.619995,135.669998,25550500,130.557861,2019-10-08
"2019-10-09",137.460007,138.699997,136.970001,138.240005,19749900,133.031021,2019-10-09
"2019-10-10",138.490005,139.669998,138.25,139.100006,17654600,133.858612,2019-10-10
"2019-10-11",140.119995,141.029999,139.5,139.679993,25446000,134.416779,2019-10-11
"2019-10-14",139.690002,140.289993,139.520004,139.550003,13304300,134.291656,2019-10-14
"2019-10-15",140.059998,141.789993,139.809998,141.570007,19695700,136.23555,2019-10-15
"2019-10-16",140.789993,140.990005,139.529999,140.410004,20751600,135.119232,2019-10-16
"2019-10-17",140.949997,141.419998,139.020004,139.690002,21460600,134.426361,2019-10-17
"2019-10-18",139.759995,140,136.559998,137.410004,32273500,132.2323,2019-10-18
"2019-10-21",138.449997,138.5,137.009995,138.429993,20078200,133.213837,2019-10-21
"2019-10-22",138.970001,140.009995,136.259995,136.369995,27431000,131.231476,2019-10-22
"2019-10-23",136.880005,137.449997,135.610001,137.240005,29844600,132.068695,2019-10-23
"2019-10-24",139.389999,140.419998,138.669998,139.940002,37029300,134.666946,2019-10-24
"2019-10-25",139.339996,141.139999,139.199997,140.729996,25959700,135.42717,2019-10-25
"2019-10-28",144.399994,145.669998,143.509995,144.190002,35280100,138.756805,2019-10-28
"2019-10-29",144.080002,144.5,142.649994,142.830002,20589500,137.448059,2019-10-29
"2019-10-30",143.520004,145,142.789993,144.610001,18496600,139.16098,2019-10-30
"2019-10-31",144.899994,144.929993,142.990005,143.369995,24605100,137.967697,2019-10-31
"2019-11-01",144.259995,144.419998,142.970001,143.720001,33128400,138.30452,2019-11-01
"2019-11-04",144.830002,145,144.160004,144.550003,16912000,139.103256,2019-11-04
"2019-11-05",144.970001,145.020004,143.910004,144.460007,18250200,139.016647,2019-11-05
"2019-11-06",144.369995,144.520004,143.199997,144.059998,16575800,138.631714,2019-11-06
"2019-11-07",143.839996,144.880005,143.770004,144.259995,17786700,138.824188,2019-11-07
"2019-11-08",143.979996,145.990005,143.759995,145.960007,16732700,140.460144,2019-11-08
"2019-11-11",145.339996,146.419998,144.729996,146.110001,14362600,140.604492,2019-11-11
"2019-11-12",146.279999,147.570007,146.059998,147.070007,18641600,141.52829,2019-11-12
"2019-11-13",146.740005,147.460007,146.279999,147.309998,16919200,141.759247,2019-11-13
"2019-11-14",147.020004,148.410004,147,148.059998,19729800,142.481003,2019-11-14
"2019-11-15",148.929993,149.990005,148.270004,149.970001,23485700,144.319016,2019-11-15
"2019-11-18",150.070007,150.550003,148.979996,150.339996,21534000,144.675079,2019-11-18
"2019-11-19",150.880005,151.330002,150.199997,150.389999,23935700,144.723175,2019-11-19
"2019-11-20",150.309998,150.839996,148.460007,149.619995,25696800,144.472168,2019-11-20
"2019-11-21",149.399994,149.800003,148.5,149.479996,18576100,144.336929,2019-11-21
"2019-11-22",150.070007,150.300003,148.820007,149.589996,15901800,144.443161,2019-11-22
"2019-11-25",150,151.350006,149.919998,151.229996,22420900,146.026764,2019-11-25
"2019-11-26",151.360001,152.419998,151.320007,152.029999,24620100,146.79924,2019-11-26
"2019-11-27",152.330002,152.5,151.520004,152.320007,15184400,147.079285,2019-11-27
"2019-11-29",152.100006,152.300003,151.279999,151.380005,11977300,146.17157,2019-11-29
"2019-12-02",151.809998,151.830002,148.320007,149.550003,27418400,144.404572,2019-12-02
"2019-12-03",147.490005,149.429993,146.649994,149.309998,24066000,144.172775,2019-12-03
"2019-12-04",150.139999,150.179993,149.199997,149.850006,17574700,144.694244,2019-12-04
"2019-12-05",150.050003,150.320007,149.479996,149.929993,17869100,144.771469,2019-12-05
"2019-12-06",150.990005,151.869995,150.270004,151.75,16403500,146.5289,2019-12-06
"2019-12-09",151.070007,152.210007,150.910004,151.360001,16687400,146.152283,2019-12-09
"2019-12-10",151.289993,151.889999,150.759995,151.130005,16476100,145.930161,2019-12-10
"2019-12-11",151.539993,151.869995,150.330002,151.699997,18856600,146.48056,2019-12-11
"2019-12-12",151.649994,153.440002,151.020004,153.240005,24612100,147.96759,2019-12-12
"2019-12-13",153,154.889999,152.830002,154.529999,23845400,149.213242,2019-12-13
"2019-12-16",155.110001,155.899994,154.820007,155.529999,24144200,150.178802,2019-12-16
"2019-12-17",155.449997,155.710007,154.449997,154.690002,25425600,149.367737,2019-12-17
"2019-12-18",154.300003,155.479996,154.179993,154.369995,24129200,149.058716,2019-12-18
"2019-12-19",154,155.770004,153.75,155.710007,24958900,150.352615,2019-12-19
"2019-12-20",157.350006,158.490005,156.289993,157.410004,53477500,151.994125,2019-12-20
"2019-12-23",158.119995,158.119995,157.270004,157.410004,17718200,151.994125,2019-12-23
"2019-12-24",157.479996,157.710007,157.119995,157.380005,8989200,151.965149,2019-12-24
"2019-12-26",157.559998,158.729996,157.399994,158.669998,14520600,153.210724,2019-12-26
"2019-12-27",159.449997,159.550003,158.220001,158.960007,18412800,153.490799,2019-12-27
"2019-12-30",158.990005,159.020004,156.729996,157.589996,16348400,152.167938,2019-12-30
"2019-12-31",156.770004,157.770004,156.449997,157.699997,18369400,152.274139,2019-12-31
"2020-01-02",158.779999,160.729996,158.330002,160.619995,22622100,155.093689,2020-01-02
"2020-01-03",158.320007,159.949997,158.059998,158.619995,21116200,153.16246,2020-01-03
"2020-01-06",157.080002,159.100006,156.509995,159.029999,20813700,153.558411,2020-01-06
"2020-01-07",159.320007,159.669998,157.320007,157.580002,21634100,152.158279,2020-01-07
"2020-01-08",158.929993,160.800003,157.949997,160.089996,27746500,154.581924,2020-01-08
"2020-01-09",161.839996,162.220001,161.029999,162.089996,21385000,156.513092,2020-01-09
"2020-01-10",162.820007,163.220001,161.179993,161.339996,20725900,155.788864,2020-01-10
"2020-01-13",161.759995,163.309998,161.259995,163.279999,21626500,157.66214,2020-01-13
"2020-01-14",163.389999,163.600006,161.720001,162.130005,23477400,156.551758,2020-01-14
"2020-01-15",162.619995,163.940002,162.570007,163.179993,21417900,157.565613,2020-01-15
"2020-01-16",164.350006,166.240005,164.029999,166.169998,23865400,160.452759,2020-01-16
"2020-01-17",167.419998,167.470001,165.429993,167.100006,34371700,161.350723,2020-01-17
"2020-01-21",166.679993,168.190002,166.429993,166.5,29517200,160.771378,2020-01-21
"2020-01-22",167.399994,167.490005,165.679993,165.699997,24138800,159.998901,2020-01-22
"2020-01-23",166.190002,166.800003,165.270004,166.720001,19680800,160.983795,2020-01-23
"2020-01-24",167.509995,167.529999,164.449997,165.039993,24918100,159.361603,2020-01-24
"2020-01-27",161.149994,163.380005,160.199997,162.279999,32078100,156.696518,2020-01-27
"2020-01-28",163.779999,165.759995,163.070007,165.460007,24899900,159.767166,2020-01-28
"2020-01-29",167.839996,168.75,165.690002,168.039993,34754500,162.258377,2020-01-29
"2020-01-30",174.050003,174.050003,170.789993,172.779999,51597500,166.835312,2020-01-30
"2020-01-31",172.210007,172.399994,169.580002,170.229996,36142700,164.373047,2020-01-31
"2020-02-03",170.429993,174.5,170.399994,174.380005,30107000,168.380249,2020-02-03
"2020-02-04",177.139999,180.639999,176.309998,180.119995,36433300,173.922714,2020-02-04
"2020-02-05",184.029999,184.199997,178.410004,179.899994,39186300,173.710327,2020-02-05
"2020-02-06",180.970001,183.820007,180.059998,183.630005,27751400,177.311966,2020-02-06
"2020-02-07",182.850006,185.630005,182.479996,183.889999,33529100,177.563065,2020-02-07
"2020-02-10",183.580002,188.839996,183.25,188.699997,35844300,182.207565,2020-02-10
"2020-02-11",190.649994,190.699997,183.5,184.440002,53159900,178.094116,2020-02-11
"2020-02-12",185.580002,185.850006,181.850006,184.710007,47062900,178.354828,2020-02-12
"2020-02-13",183.080002,186.229996,182.869995,183.710007,35295800,177.389236,2020-02-13
"2020-02-14",183.25,185.410004,182.649994,185.350006,23149500,178.972824,2020-02-14
"2020-02-18",185.610001,187.699997,185.5,187.229996,27792200,180.788162,2020-02-18
"2020-02-19",188.059998,188.179993,186.470001,187.279999,29997500,181.330322,2020-02-19
"2020-02-20",186.949997,187.25,181.100006,184.419998,36862400,178.561218,2020-02-20
"2020-02-21",183.169998,183.5,177.25,178.589996,48572600,172.916382,2020-02-21
"2020-02-24",167.770004,174.550003,163.229996,170.889999,68311100,165.461029,2020-02-24
"2020-02-25",174.199997,174.839996,167.649994,168.070007,68073300,162.730652,2020-02-25
"2020-02-26",169.710007,173.259995,168.210007,170.169998,56206100,164.763901,2020-02-26
"2020-02-27",163.320007,167.029999,157.979996,158.179993,93174900,153.154831,2020-02-27
"2020-02-28",152.410004,163.710007,152,162.009995,97012700,156.863144,2020-02-28
"2020-03-02",165.309998,172.919998,162.309998,172.789993,71030800,167.300644,2020-03-02
"2020-03-03",173.800003,175,162.259995,164.509995,71677000,159.283722,2020-03-03
"2020-03-04",168.490005,170.699997,165.619995,170.550003,49814400,165.131836,2020-03-04
"2020-03-05",166.050003,170.869995,165.690002,166.270004,47817300,160.987808,2020-03-05
"2020-03-06",162.610001,163.110001,156,161.570007,72821100,156.437119,2020-03-06
"2020-03-09",151,157.75,150,150.619995,70419300,145.834991,2020-03-09
"2020-03-10",158.160004,161.029999,152.580002,160.919998,65354400,155.80777,2020-03-10
"2020-03-11",157.130005,157.699997,151.149994,153.630005,56371600,148.74939,2020-03-11
"2020-03-12",145.300003,153.470001,138.580002,139.059998,93226400,134.642242,2020-03-12
"2020-03-13",147.5,161.910004,140.729996,158.830002,92727400,153.784149,2020-03-13
"2020-03-16",140,149.350006,135,135.419998,87905900,131.117859,2020-03-16
"2020-03-17",140,147.5,135,146.570007,81059800,141.913651,2020-03-17
"2020-03-18",138,146,135.020004,140.399994,81593200,135.939651,2020-03-18
"2020-03-19",142.770004,150.149994,139,142.710007,85922700,138.1763,2020-03-19
"2020-03-20",146,147.100006,135.860001,137.350006,84866200,132.986557,2020-03-20
"2020-03-23",137.009995,140.570007,132.520004,135.979996,78975200,131.660065,2020-03-23
"2020-03-24",143.75,149.600006,141.270004,148.339996,82516700,143.627426,2020-03-24
"2020-03-25",148.910004,154.330002,144.440002,146.919998,75638200,142.252533,2020-03-25
"2020-03-26",148.399994,156.660004,148.369995,156.110001,64568100,151.150558,2020-03-26
"2020-03-27",151.75,154.889999,149.199997,149.699997,57042300,144.944214,2020-03-27
"2020-03-30",152.440002,160.600006,150.009995,160.229996,63420300,155.139679,2020-03-30
"2020-03-31",159.399994,164.779999,156.559998,157.710007,77927200,152.699753,2020-03-31
"2020-04-01",153,157.75,150.820007,152.110001,57969900,147.277664,2020-04-01
"2020-04-02",151.860001,155.479996,150.360001,155.259995,49630700,150.327591,2020-04-02
"2020-04-03",155.100006,157.380005,152.190002,153.830002,41243300,148.942993,2020-04-03
"2020-04-06",160.320007,166.5,157.580002,165.270004,67111700,160.019562,2020-04-06
"2020-04-07",169.589996,170,163.259995,163.490005,62769000,158.296112,2020-04-07
"2020-04-08",165.669998,166.669998,163.5,165.130005,48318200,159.884048,2020-04-08
"2020-04-09",166.360001,167.369995,163.330002,165.139999,51385100,159.893692,2020-04-09
"2020-04-13",164.350006,165.570007,162.300003,165.509995,41905300,160.251938,2020-04-13
"2020-04-14",169,173.75,168,173.699997,52874300,168.181778,2020-04-14
"2020-04-15",171.199997,173.570007,169.240005,171.880005,40940800,166.419556,2020-04-15
"2020-04-16",174.300003,177.279999,172.899994,177.039993,50479600,171.415649,2020-04-16
"2020-04-17",179.5,180,175.869995,178.600006,52765600,172.926117,2020-04-17
"2020-04-20",176.630005,178.75,174.990005,175.059998,36669600,169.498566,2020-04-20
"2020-04-21",173.5,173.669998,166.110001,167.820007,56203700,162.488556,2020-04-21
"2020-04-22",171.389999,174,170.820007,173.520004,34620200,168.007477,2020-04-22
"2020-04-23",174.110001,175.059998,170.910004,171.419998,32790800,165.974182,2020-04-23
"2020-04-24",172.059998,174.559998,170.710007,174.550003,34277600,169.004761,2020-04-24
"2020-04-27",176.589996,176.899994,173.300003,174.050003,33194400,168.520645,2020-04-27
"2020-04-28",175.589996,175.669998,169.389999,169.809998,34392700,164.415344,2020-04-28
"2020-04-29",173.220001,177.679993,171.880005,177.429993,51286600,171.793274,2020-04-29
"2020-04-30",180,180.399994,176.229996,179.210007,53875900,173.516708,2020-04-30
"2020-05-01",175.800003,178.639999,174.009995,174.570007,39370500,169.024078,2020-05-01
"2020-05-04",174.490005,179,173.800003,178.839996,30372900,173.158493,2020-05-04
"2020-05-05",180.619995,183.649994,179.899994,180.759995,36839200,175.017471,2020-05-05
"2020-05-06",182.080002,184.199997,181.630005,182.539993,32139300,176.740906,2020-05-06
"2020-05-07",184.169998,184.550003,182.580002,183.600006,28316000,177.767273,2020-05-07
"2020-05-08",184.979996,185,183.360001,184.679993,30877800,178.812927,2020-05-08
"2020-05-11",183.149994,187.509995,182.850006,186.740005,30892700,180.807526,2020-05-11
"2020-05-12",186.800003,187.039993,182.300003,182.509995,32038200,176.711884,2020-05-12
"2020-05-13",182.550003,184.050003,176.539993,179.75,44711500,174.039566,2020-05-13
"2020-05-14",177.539993,180.690002,175.679993,180.529999,41873900,174.794754,2020-05-14
"2020-05-15",179.059998,187.059998,177,183.160004,46610400,177.341232,2020-05-15
"2020-05-18",185.75,186.199997,183.960007,184.910004,35264500,179.035645,2020-05-18
"2020-05-19",185.029999,186.600006,183.490005,183.630005,26799100,177.79628,2020-05-19
"2020-05-20",184.809998,185.850006,183.940002,185.660004,31261300,180.262466,2020-05-20
"2020-05-21",185.399994,186.669998,183.289993,183.429993,29119500,178.09726,2020-05-21
"2020-05-22",183.190002,184.460007,182.539993,183.509995,20826900,178.174957,2020-05-22
"2020-05-26",186.339996,186.5,181.100006,181.570007,36073600,176.291367,2020-05-26
"2020-05-27",180.199997,181.990005,176.600006,181.809998,39517100,176.524384,2020-05-27
"2020-05-28",180.740005,184.149994,180.380005,181.399994,33810200,176.126312,2020-05-28
"2020-05-29",182.729996,184.270004,180.410004,183.25,42130400,177.922546,2020-05-29
"2020-06-01",182.539993,183,181.460007,182.830002,22622400,177.514725,2020-06-01
"2020-06-02",184.25,185,181.350006,184.910004,30794600,179.534271,2020-06-02
"2020-06-03",184.820007,185.940002,183.580002,185.360001,27311000,179.971191,2020-06-03
"2020-06-04",184.300003,185.839996,182.300003,182.919998,28761800,177.602112,2020-06-04
"2020-06-05",182.619995,187.729996,182.009995,187.199997,39893600,181.75769,2020-06-05
"2020-06-08",185.940002,188.550003,184.440002,188.360001,33211600,182.883972,2020-06-08
"2020-06-09",188,190.699997,187.259995,189.800003,29783900,184.28212,2020-06-09
"2020-06-10",191.130005,198.520004,191.009995,196.839996,43872300,191.117401,2020-06-10
"2020-06-11",193.130005,195.759995,186.070007,186.270004,52854700,180.854721,2020-06-11
"2020-06-12",190.539993,191.720001,185.179993,187.740005,43373600,182.281998,2020-06-12
"2020-06-15",184.580002,190.820007,184.009995,188.940002,32770200,183.447113,2020-06-15
"2020-06-16",192.889999,195.580002,191.460007,193.570007,42556700,187.94252,2020-06-16
"2020-06-17",195.029999,196.320007,193.690002,194.240005,25687800,188.593033,2020-06-17
"2020-06-18",194,196.490005,194,196.320007,23061600,190.612549,2020-06-18
"2020-06-19",198.589996,199.289993,194.369995,195.149994,44441100,189.476578,2020-06-19
"2020-06-22",195.789993,200.759995,195.229996,200.570007,32818900,194.739014,2020-06-22
"2020-06-23",202.089996,203.949997,201.429993,201.910004,30917400,196.040039,2020-06-23
"2020-06-24",201.600006,203.25,196.559998,197.839996,36740600,192.088318,2020-06-24
"2020-06-25",197.800003,200.610001,195.470001,200.339996,27803900,194.515686,2020-06-25
"2020-06-26",199.729996,199.889999,194.880005,196.330002,54675800,190.622238,2020-06-26
"2020-06-29",195.779999,198.529999,193.550003,198.440002,26701600,192.670898,2020-06-29
"2020-06-30",197.880005,204.399994,197.740005,203.509995,34310300,197.593536,2020-06-30
"2020-07-01",203.139999,206.350006,201.770004,204.699997,32061200,198.748917,2020-07-01
"2020-07-02",205.679993,208.020004,205,206.259995,29315800,200.26358,2020-07-02
"2020-07-06",208.830002,211.130005,208.089996,210.699997,31897600,204.574509,2020-07-06
"2020-07-07",210.449997,214.669998,207.990005,208.25,33600700,202.195709,2020-07-07
"2020-07-08",210.070007,213.259995,208.690002,212.830002,33600000,206.642593,2020-07-08
"2020-07-09",216.330002,216.380005,211.470001,214.320007,33121700,208.089249,2020-07-09
"2020-07-10",213.619995,214.080002,211.080002,213.669998,26177600,207.45816,2020-07-10
"2020-07-13",214.479996,215.800003,206.5,207.070007,38135600,201.050034,2020-07-13
"2020-07-14",206.130005,208.850006,202.029999,208.350006,37591800,202.292801,2020-07-14
"2020-07-15",209.559998,211.330002,205.029999,208.039993,32179400,201.991806,2020-07-15
"2020-07-16",205.399994,205.699997,202.309998,203.919998,29940700,197.991608,2020-07-16
"2020-07-17",204.470001,205.039993,201.389999,202.880005,31635300,196.981842,2020-07-17
"2020-07-20",205,212.300003,203.009995,211.600006,36884800,205.448334,2020-07-20
"2020-07-21",213.660004,213.940002,208.029999,208.75,37990400,202.681183,2020-07-21
"2020-07-22",209.199997,212.300003,208.389999,211.75,49605700,205.593979,2020-07-22
"2020-07-23",207.190002,210.919998,202.149994,202.539993,67457000,196.651718,2020-07-23
"2020-07-24",200.419998,202.860001,197.509995,201.300003,39827000,195.447769,2020-07-24
"2020-07-27",201.470001,203.970001,200.860001,203.850006,30160900,197.923645,2020-07-27
"2020-07-28",203.610001,204.699997,201.740005,202.020004,23251400,196.146851,2020-07-28
"2020-07-29",202.5,204.649994,202.009995,204.059998,19632600,198.127518,2020-07-29
"2020-07-30",201,204.460007,199.570007,203.899994,25079600,197.972168,2020-07-30
"2020-07-31",204.399994,205.100006,199.009995,205.009995,51044000,199.049896,2020-07-31
"2020-08-03",211.520004,217.639999,210.440002,216.539993,78983000,210.24469,2020-08-03
"2020-08-04",214.169998,214.770004,210.309998,213.289993,49280100,207.089172,2020-08-04
"2020-08-05",214.899994,215,211.570007,212.940002,28806400,206.749374,2020-08-05
"2020-08-06",212.339996,216.369995,211.550003,216.350006,32656800,210.060196,2020-08-06
"2020-08-07",214.850006,215.699997,210.929993,212.479996,27820400,206.30275,2020-08-07
"2020-08-10",211.669998,211.880005,206.350006,208.25,36716500,202.195709,2020-08-10
"2020-08-11",207.160004,207.649994,203.139999,203.380005,36446500,197.467316,2020-08-11
"2020-08-12",205.289993,210.279999,204.75,209.190002,28013100,203.108383,2020-08-12
"2020-08-13",209.440002,211.350006,208.149994,208.699997,22588900,202.632629,2020-08-13
"2020-08-14",208.759995,209.589996,207.509995,208.899994,17958900,202.826813,2020-08-14
"2020-08-17",209.600006,211.190002,208.919998,210.279999,20184800,204.166718,2020-08-17
"2020-08-18",210.529999,212.360001,209.210007,211.490005,21336200,205.341507,2020-08-18
"2020-08-19",211.490005,212.100006,209.25,209.699997,27627600,204.095718,2020-08-19
"2020-08-20",209.539993,215,208.910004,214.580002,26981500,208.845306,2020-08-20
"2020-08-21",213.860001,216.25,212.850006,213.020004,36249300,207.327026,2020-08-21
"2020-08-24",214.789993,215.520004,212.429993,213.690002,25460100,207.979095,2020-08-24
"2020-08-25",213.100006,216.610001,213.100006,216.470001,23043700,210.684814,2020-08-25
"2020-08-26",217.880005,222.089996,217.360001,221.149994,39600800,215.239716,2020-08-26
"2020-08-27",222.889999,231.149994,219.399994,226.580002,57602200,220.524612,2020-08-27
"2020-08-28",228.179993,230.639999,226.580002,228.910004,26292900,222.792358,2020-08-28
"2020-08-31",227,228.699997,224.309998,225.529999,28774200,219.502655,2020-08-31
"2020-09-01",225.509995,227.449997,224.429993,227.270004,25725500,221.196182,2020-09-01
"2020-09-02",227.970001,232.860001,227.350006,231.649994,34080800,225.459137,2020-09-02
"2020-09-03",229.270004,229.309998,214.960007,217.300003,58400300,211.49263,2020-09-03
"2020-09-04",215.100006,218.360001,205.190002,214.25,59664100,208.524124,2020-09-04
"2020-09-08",206.5,210.029999,202.199997,202.660004,52924300,197.243896,2020-09-08
"2020-09-09",207.600006,214.839996,206.699997,211.289993,45679000,205.643234,2020-09-09
"2020-09-10",213.399994,214.740005,204.110001,205.369995,35461500,199.881454,2020-09-10
"2020-09-11",207.199997,208.630005,201.240005,204.029999,33620100,198.577255,2020-09-11
"2020-09-14",204.240005,209.199997,204.029999,205.410004,30375800,199.920395,2020-09-14
"2020-09-15",208.419998,209.779999,206.929993,208.779999,21823900,203.200302,2020-09-15
"2020-09-16",210.619995,210.649994,204.639999,205.050003,26328100,199.570023,2020-09-16
"2020-09-17",200.050003,204.330002,199.960007,202.910004,34011300,197.487213,2020-09-17
"2020-09-18",202.800003,203.649994,196.25,200.389999,55225300,195.034546,2020-09-18
"2020-09-21",197.190002,202.710007,196.380005,202.539993,39839700,197.12709,2020-09-21
"2020-09-22",205.059998,208.100006,202.080002,207.419998,33517100,201.876678,2020-09-22
"2020-09-23",207.899994,208.100006,200.029999,200.589996,30803800,195.229187,2020-09-23
"2020-09-24",199.850006,205.570007,199.199997,203.190002,31202500,197.75972,2020-09-24
"2020-09-25",203.550003,209.039993,202.539993,207.820007,29437300,202.265991,2020-09-25
"2020-09-28",210.880005,212.570007,208.059998,209.440002,32004900,203.842682,2020-09-28
"2020-09-29",209.350006,210.070007,206.809998,207.259995,24221900,201.720917,2020-09-29
"2020-09-30",207.729996,211.979996,206.539993,210.330002,33829100,204.708893,2020-09-30
"2020-10-01",213.490005,213.990005,211.320007,212.460007,27158400,206.781982,2020-10-01
"2020-10-02",208,210.990005,205.539993,206.190002,33154800,200.679535,2020-10-02
"2020-10-05",207.220001,210.410004,206.979996,210.380005,21331600,204.757599,2020-10-05
"2020-10-06",208.820007,210.179993,204.820007,205.910004,28554300,200.407043,2020-10-06
"2020-10-07",207.059998,210.110001,206.720001,209.830002,25681100,204.22226,2020-10-07
"2020-10-08",210.509995,211.190002,208.320007,210.580002,19925800,204.952209,2020-10-08
"2020-10-09",211.229996,215.860001,211.229996,215.809998,26458000,210.042435,2020-10-09
"2020-10-12",218.789993,223.860001,216.809998,221.399994,40461400,215.483063,2020-10-12
"2020-10-13",222.720001,225.210007,220.429993,222.860001,28950800,216.904037,2020-10-13
"2020-10-14",223,224.220001,219.130005,220.860001,23421700,214.957458,2020-10-14
"2020-10-15",217.100006,220.360001,216.009995,219.660004,22733100,213.789566,2020-10-15
"2020-10-16",220.149994,222.289993,219.320007,219.660004,26057900,213.789566,2020-10-16
"2020-10-19",220.419998,222.300003,213.720001,214.220001,27625800,208.494934,2020-10-19
"2020-10-20",215.800003,217.369995,213.089996,214.649994,22753500,208.913422,2020-10-20
"2020-10-21",213.119995,216.919998,213.119995,214.800003,22724900,209.059418,2020-10-21
"2020-10-22",213.929993,216.059998,211.699997,214.889999,22351500,209.147003,2020-10-22
"2020-10-23",215.029999,216.279999,213.160004,216.229996,18879600,210.451202,2020-10-23
"2020-10-26",213.850006,216.339996,208.100006,210.080002,37111600,204.465561,2020-10-26
"2020-10-27",211.589996,214.669998,210.330002,213.25,36700300,207.550842,2020-10-27
"2020-10-28",207.669998,208.839996,202.100006,202.679993,51195600,197.263336,2020-10-28
"2020-10-29",204.070007,207.360001,203.369995,204.720001,31432600,199.24884,2020-10-29
"2020-10-30",203.5,204.289993,199.619995,202.470001,36953700,197.05896,2020-10-30
"2020-11-02",204.289993,205.279999,200.119995,202.330002,30842200,196.922699,2020-11-02
"2020-11-03",203.889999,208.119995,203.119995,206.429993,27512000,200.913116,2020-11-03
"2020-11-04",214.020004,218.320007,212.419998,216.389999,42311800,210.606934,2020-11-04
"2020-11-05",222.039993,224.119995,221.149994,223.289993,36080100,217.322556,2020-11-05
"2020-11-06",222.259995,224.360001,218.029999,223.720001,25231900,217.741043,2020-11-06
"2020-11-09",224.440002,228.119995,217.880005,218.389999,44395000,212.553482,2020-11-09
"2020-11-10",214.5,216.5,209.720001,211.009995,44045100,205.370712,2020-11-10
"2020-11-11",212.389999,218.039993,212.199997,216.550003,29440800,210.762665,2020-11-11
"2020-11-12",217.210007,219.110001,214.460007,215.440002,21593900,209.682327,2020-11-12
"2020-11-13",216.360001,217.419998,214.160004,216.509995,18621100,210.723709,2020-11-13
"2020-11-16",214.869995,217.740005,214.520004,217.229996,24953300,211.4245,2020-11-16
"2020-11-17",216.100006,217.679993,214.080002,214.460007,24154100,208.728531,2020-11-17
"2020-11-18",213.649994,215.169998,210.929993,211.080002,28372800,205.97673,2020-11-18
"2020-11-19",211.380005,213.029999,209.929993,212.419998,24792700,207.284286,2020-11-19
"2020-11-20",212.199997,213.289993,210,210.389999,22843100,205.303391,2020-11-20
"2020-11-23",210.949997,212.289993,208.160004,210.110001,25683500,205.030167,2020-11-23
"2020-11-24",209.589996,214.25,208.860001,213.860001,33979700,208.689499,2020-11-24
"2020-11-25",215.110001,215.289993,212.460007,213.869995,21012900,208.699234,2020-11-25
"2020-11-27",214.850006,216.270004,214.039993,215.229996,14512200,210.026367,2020-11-27
"2020-11-30",214.100006,214.759995,210.839996,214.070007,33064800,208.894455,2020-11-30
"2020-12-01",214.509995,217.320007,213.350006,216.210007,30904500,210.982697,2020-12-01
"2020-12-02",214.880005,215.470001,212.800003,215.369995,23724500,210.162979,2020-12-02
"2020-12-03",214.610001,216.380005,213.649994,214.240005,25120900,209.060287,2020-12-03
"2020-12-04",214.220001,215.380005,213.179993,214.360001,24666000,209.177414,2020-12-04
"2020-12-07",214.369995,215.539993,212.990005,214.289993,24620000,209.109116,2020-12-07
"2020-12-08",213.970001,216.949997,212.889999,216.009995,23284100,210.787521,2020-12-08
"2020-12-09",215.160004,215.229996,211.210007,211.800003,32440600,206.679291,2020-12-09
"2020-12-10",211.770004,213.080002,210.360001,210.520004,26733300,205.430267,2020-12-10
"2020-12-11",210.050003,213.320007,209.110001,213.259995,30979400,208.104004,2020-12-11
"2020-12-14",213.100006,216.210007,212.880005,214.199997,28798400,209.021255,2020-12-14
"2020-12-15",215.169998,215.419998,212.240005,214.130005,27000600,208.952972,2020-12-15
"2020-12-16",214.75,220.110001,214.720001,219.279999,35023300,213.978439,2020-12-16
"2020-12-17",219.869995,220.889999,217.919998,219.419998,32515800,214.115082,2020-12-17
"2020-12-18",218.589996,219.690002,216.020004,218.589996,63354900,213.305145,2020-12-18
"2020-12-21",217.550003,224,217.279999,222.589996,37181900,217.20842,2020-12-21
"2020-12-22",222.690002,225.630005,221.850006,223.940002,22612200,218.525787,2020-12-22
"2020-12-23",223.110001,223.559998,220.800003,221.020004,18699600,215.676392,2020-12-23
"2020-12-24",221.419998,223.610001,221.199997,222.75,10550600,217.364563,2020-12-24
"2020-12-28",224.449997,226.029999,223.020004,224.960007,17933500,219.521133,2020-12-28
"2020-12-29",226.309998,227.179993,223.580002,224.149994,17403200,218.730743,2020-12-29
"2020-12-30",225.229996,225.630005,221.470001,221.679993,20272300,216.320435,2020-12-30
"2020-12-31",221.699997,223,219.679993,222.419998,20942100,217.042511,2020-12-31
"2021-01-04",222.529999,223,214.809998,217.690002,37130100,212.42688,2021-01-04
"2021-01-05",217.259995,218.520004,215.699997,217.899994,23823000,212.63179,2021-01-05
"2021-01-06",212.169998,216.490005,211.940002,212.25,35930700,207.118393,2021-01-06
"2021-01-07",214.039993,219.339996,213.710007,218.289993,27694500,213.012375,2021-01-07
"2021-01-08",218.679993,220.580002,217.029999,219.619995,22956200,214.310211,2021-01-08
"2021-01-11",218.470001,218.910004,216.729996,217.490005,23031300,212.23172,2021-01-11
"2021-01-12",216.5,217.100006,213.320007,214.929993,23249300,209.733627,2021-01-12
"2021-01-13",214.020004,216.759995,213.929993,216.339996,20087100,211.109528,2021-01-13
"2021-01-14",215.910004,217.460007,212.740005,213.020004,29480800,207.869797,2021-01-14
"2021-01-15",213.520004,214.509995,212.029999,212.649994,31746500,207.508743,2021-01-15
"2021-01-19",213.75,216.979996,212.630005,216.440002,30480900,211.207108,2021-01-19
"2021-01-20",217.699997,225.789993,217.289993,224.339996,37777300,218.916153,2021-01-20
"2021-01-21",224.699997,226.300003,222.419998,224.970001,30709400,219.530869,2021-01-21
"2021-01-22",227.080002,230.070007,225.800003,225.949997,30172700,220.487183,2021-01-22
"2021-01-25",229.119995,229.779999,224.220001,229.529999,33152100,223.980621,2021-01-25
"2021-01-26",231.860001,234.179993,230.080002,232.330002,49169600,226.712982,2021-01-26
"2021-01-27",238,240.440002,230.139999,232.899994,69870600,227.269165,2021-01-27
"2021-01-28",235.610001,242.639999,235.089996,238.929993,49111200,233.153366,2021-01-28
"2021-01-29",235.990005,238.020004,231.350006,231.960007,42503100,226.351898,2021-01-29
"2021-02-01",235.059998,242.5,232.429993,239.649994,33314200,233.855972,2021-02-01
"2021-02-02",241.300003,242.309998,238.690002,239.509995,25916300,233.719345,2021-02-02
"2021-02-03",239.570007,245.089996,239.259995,243,27158100,237.124954,2021-02-03
"2021-02-04",242.660004,243.240005,240.369995,242.009995,25296100,236.15892,2021-02-04
"2021-02-05",242.229996,243.279999,240.419998,242.199997,18054800,236.344269,2021-02-05
"2021-02-08",243.149994,243.679993,240.809998,242.470001,22211900,236.607788,2021-02-08
"2021-02-09",241.869995,244.759995,241.380005,243.770004,23565000,237.876358,2021-02-09
"2021-02-10",245,245.919998,240.889999,242.820007,22186700,236.949326,2021-02-10
"2021-02-11",244.779999,245.149994,242.149994,244.490005,15751100,238.578964,2021-02-11
"2021-02-12",243.929993,245.300003,242.729996,244.990005,16561100,239.066879,2021-02-12
"2021-02-16",245.029999,246.130005,242.919998,243.699997,26728500,237.80806,2021-02-16
"2021-02-17",241.320007,244.309998,240.940002,244.199997,21653500,238.844818,2021-02-17
"2021-02-18",241.800003,243.929993,240.860001,243.789993,16925600,238.443771,2021-02-18
"2021-02-19",243.75,243.860001,240.179993,240.970001,25262600,235.685623,2021-02-19
"2021-02-22",237.419998,237.929993,232.399994,234.509995,36446900,229.367279,2021-02-22
"2021-02-23",230.330002,234.830002,228.729996,233.270004,30228700,228.15448,2021-02-23
"2021-02-24",230.009995,235.199997,229,234.550003,26339700,229.406418,2021-02-24
"2021-02-25",232.080002,234.589996,227.880005,228.990005,39542200,223.968353,2021-02-25
"2021-02-26",231.529999,235.369995,229.539993,232.380005,37819200,227.284012,2021-02-26
"2021-03-01",235.899994,237.470001,233.149994,236.940002,25324000,231.744019,2021-03-01
"2021-03-02",237.009995,237.300003,233.449997,233.869995,22812500,228.741333,2021-03-02
"2021-03-03",232.160004,233.580002,227.259995,227.559998,34029500,222.569702,2021-03-03
"2021-03-04",226.740005,232.490005,224.259995,226.729996,44727800,221.757889,2021-03-04
"2021-03-05",229.520004,233.270004,226.460007,231.600006,41872800,226.521133,2021-03-05
"2021-03-08",231.369995,233.369995,227.130005,227.389999,35267400,222.403442,2021-03-08
"2021-03-09",232.880005,235.380005,231.669998,233.779999,33080500,228.653275,2021-03-09
"2021-03-10",237,237,232.039993,232.419998,29746800,227.323105,2021-03-10
"2021-03-11",234.960007,239.169998,234.309998,237.130005,29907600,231.929855,2021-03-11
"2021-03-12",234.009995,235.820007,233.229996,235.75,22653700,230.580109,2021-03-12
"2021-03-15",234.960007,235.190002,231.809998,234.809998,26034900,229.660706,2021-03-15
"2021-03-16",236.279999,240.059998,235.940002,237.710007,28092200,232.497116,2021-03-16
"2021-03-17",236.149994,238.550003,233.229996,237.039993,29562100,231.841812,2021-03-17
"2021-03-18",232.559998,234.190002,230.330002,230.720001,34833000,225.660416,2021-03-18
"2021-03-19",231.020004,232.470001,229.350006,230.350006,46430700,225.298553,2021-03-19
"2021-03-22",230.270004,236.899994,230.139999,235.990005,30127000,230.814835,2021-03-22
"2021-03-23",237.490005,241.050003,237.070007,237.580002,31638400,232.369965,2021-03-23
"2021-03-24",237.850006,238,235.320007,235.460007,25620100,230.296463,2021-03-24
"2021-03-25",235.300003,236.940002,231.570007,232.339996,34061900,227.244858,2021-03-25
"2021-03-26",231.550003,236.710007,231.550003,236.479996,25479900,231.294067,2021-03-26
"2021-03-29",236.589996,236.800003,231.880005,235.240005,25227500,230.081284,2021-03-29
"2021-03-30",233.529999,233.850006,231.100006,231.850006,24792000,226.76561,2021-03-30
"2021-03-31",232.910004,239.100006,232.389999,235.770004,43623500,230.599686,2021-03-31
"2021-04-01",238.470001,242.839996,238.050003,242.350006,30338000,237.0354,2021-04-01
"2021-04-05",242.759995,249.960007,242.699997,249.070007,36910600,243.608002,2021-04-05
"2021-04-06",247.610001,249.399994,246.880005,247.860001,22931900,242.424545,2021-04-06
"2021-04-07",247.809998,250.929993,247.190002,249.899994,22719800,244.419785,2021-04-07
"2021-04-08",252.770004,254.139999,252,253.25,23625200,247.696335,2021-04-08
"2021-04-09",252.869995,255.990005,252.440002,255.850006,24326800,250.239349,2021-04-09
"2021-04-12",254.710007,257.670013,254.619995,255.910004,27148700,250.298035,2021-04-12
"2021-04-13",257.26001,259.190002,256.829987,258.48999,23837500,252.821442,2021-04-13
"2021-04-14",257.480011,258.829987,255.160004,255.589996,23070900,249.985016,2021-04-14
"2021-04-15",257.929993,259.929993,257.730011,259.5,25627500,253.80928,2021-04-15
"2021-04-16",259.470001,261,257.600006,260.73999,24878600,255.022064,2021-04-16
"2021-04-19",260.190002,261.480011,257.820007,258.73999,23209300,253.065933,2021-04-19
"2021-04-20",257.820007,260.200012,256.839996,258.26001,19722900,252.596497,2021-04-20
"2021-04-21",258.940002,260.679993,257.25,260.579987,24030400,254.865616,2021-04-21
"2021-04-22",260.209991,261.779999,255.639999,257.170013,25606200,251.530365,2021-04-22
"2021-04-23",257.880005,261.51001,257.269989,261.149994,21462600,255.423096,2021-04-23
"2021-04-26",261.660004,262.440002,260.170013,261.549988,19763300,255.814285,2021-04-26
"2021-04-27",261.579987,263.190002,260.119995,261.970001,31014200,256.225098,2021-04-27
"2021-04-28",256.079987,256.540009,252.949997,254.559998,46903100,248.977585,2021-04-28
"2021-04-29",255.460007,256.100006,249,252.509995,40589000,246.97258,2021-04-29
"2021-04-30",249.740005,253.080002,249.600006,252.179993,30945100,246.649796,2021-04-30
"2021-05-03",253.399994,254.350006,251.119995,251.860001,19626600,246.336823,2021-05-03
"2021-05-04",250.970001,251.210007,245.759995,247.789993,32756100,242.356079,2021-05-04
"2021-05-05",249.059998,249.5,245.820007,246.470001,21901300,241.065033,2021-05-05
"2021-05-06",246.449997,249.860001,244.690002,249.729996,26491100,244.253525,2021-05-06
"2021-05-07",252.149994,254.300003,251.169998,252.460007,27032900,246.923676,2021-05-07
"2021-05-10",250.869995,251.729996,247.119995,247.179993,29299900,241.759445,2021-05-10
"2021-05-11",244.550003,246.600006,242.570007,246.229996,33641600,240.830307,2021-05-11
"2021-05-12",242.169998,244.380005,238.070007,239,36684400,233.75882,2021-05-12
"2021-05-13",241.800003,245.600006,241.419998,243.029999,29624300,237.700455,2021-05-13
"2021-05-14",245.580002,249.179993,245.490005,248.149994,23901100,242.708176,2021-05-14
"2021-05-17",246.550003,246.589996,243.520004,245.179993,24970200,239.803314,2021-05-17
"2021-05-18",246.270004,246.410004,242.899994,243.080002,20168000,237.74939,2021-05-18
"2021-05-19",239.309998,243.229996,238.600006,243.119995,25739800,238.33757,2021-05-19
"2021-05-20",243.960007,247.949997,243.860001,246.479996,21800700,241.631439,2021-05-20
"2021-05-21",247.570007,248.330002,244.740005,245.169998,21863100,240.347244,2021-05-21
"2021-05-24",247.789993,251.160004,247.509995,250.779999,21411500,245.846893,2021-05-24
"2021-05-25",251.770004,252.75,250.820007,251.720001,17704300,246.768402,2021-05-25
"2021-05-26",251.429993,252.940002,250.75,251.490005,17771600,246.542923,2021-05-26
"2021-05-27",251.169998,251.479996,249.25,249.309998,24426200,244.405762,2021-05-27
"2021-05-28",251,252.080002,249.559998,249.679993,18270200,244.768524,2021-05-28
"2021-06-01",251.229996,251.289993,246.960007,247.399994,23213300,242.533356,2021-06-01
"2021-06-02",248.130005,249.270004,245.839996,247.300003,19406700,242.435318,2021-06-02
"2021-06-03",245.220001,246.339996,243,245.710007,25307700,240.876617,2021-06-03
"2021-06-04",247.759995,251.649994,247.509995,250.789993,25281100,245.856644,2021-06-04
"2021-06-07",249.979996,254.089996,249.809998,253.809998,23079200,248.817276,2021-06-07
"2021-06-08",255.160004,256.01001,252.509995,252.570007,22455000,247.601669,2021-06-08
"2021-06-09",253.809998,255.529999,253.210007,253.589996,17937600,248.601608,2021-06-09
"2021-06-10",254.289993,257.459991,253.669998,257.23999,24563600,252.179794,2021-06-10
"2021-06-11",257.98999,258.48999,256.609985,257.890015,18999700,252.817032,2021-06-11
"2021-06-14",257.899994,259.950012,256.799988,259.890015,19150500,254.77771,2021-06-14
"2021-06-15",259.769989,259.98999,257.679993,258.359985,18038900,253.277756,2021-06-15
"2021-06-16",259.399994,260.579987,254.419998,257.380005,27220000,252.317062,2021-06-16
"2021-06-17",256.070007,261.75,256.01001,260.899994,27565500,255.767792,2021-06-17
"2021-06-18",259.630005,262.299988,258.75,259.429993,37202200,254.326706,2021-06-18
"2021-06-21",259.820007,263.519989,257.920013,262.630005,26696100,257.463745,2021-06-21
"2021-06-22",262.720001,265.790009,262.399994,265.51001,24694100,260.287109,2021-06-22
"2021-06-23",265.98999,266.829987,264.429993,265.269989,19518700,260.051849,2021-06-23
"2021-06-24",266.160004,267.850006,265.470001,266.690002,21446900,261.44397,2021-06-24
"2021-06-25",266.230011,267.25,264.76001,265.019989,25611100,259.806793,2021-06-25
"2021-06-28",266.190002,268.899994,265.910004,268.720001,19590000,263.43399,2021-06-28
"2021-06-29",268.869995,271.649994,267.980011,271.399994,19937800,266.061249,2021-06-29
"2021-06-30",270.690002,271.359985,269.600006,270.899994,21656500,265.571075,2021-06-30
"2021-07-01",269.609985,271.839996,269.600006,271.600006,16725300,266.257324,2021-07-01
"2021-07-02",272.820007,278,272.5,277.649994,26458000,272.188293,2021-07-02
"2021-07-06",278.029999,279.369995,274.299988,277.660004,31565600,272.19812,2021-07-06
"2021-07-07",279.399994,280.690002,277.149994,279.929993,23260000,274.423462,2021-07-07
"2021-07-08",276.899994,278.730011,274.869995,277.420013,24618600,271.962891,2021-07-08
"2021-07-09",275.720001,278.049988,275.320007,277.940002,23916700,272.472626,2021-07-09
"2021-07-12",279.160004,279.769989,276.579987,277.320007,18931700,271.864838,2021-07-12
"2021-07-13",277.519989,282.850006,277.390015,280.980011,26120100,275.45282,2021-07-13
"2021-07-14",282.350006,283.660004,280.549988,282.51001,23113700,276.952728,2021-07-14
"2021-07-15",282,282.51001,279.829987,281.029999,22604200,275.501831,2021-07-15
"2021-07-16",282.070007,284.100006,279.459991,280.75,26186800,275.227417,2021-07-16
"2021-07-19",278.929993,280.369995,274.450012,277.01001,32935600,271.560883,2021-07-19
"2021-07-20",278.029999,280.970001,276.26001,279.320007,26259700,273.825531,2021-07-20
"2021-07-21",278.899994,281.519989,277.290009,281.399994,24364300,275.864532,2021-07-21
"2021-07-22",283.839996,286.420013,283.420013,286.140015,23384100,280.511353,2021-07-22
"2021-07-23",287.369995,289.98999,286.5,289.670013,22768100,283.971893,2021-07-23
"2021-07-26",289,289.690002,286.640015,289.049988,23176100,283.364075,2021-07-26
"2021-07-27",289.429993,289.579987,282.950012,286.540009,33604100,280.903442,2021-07-27
"2021-07-28",288.98999,290.149994,283.829987,286.220001,33566900,280.589691,2021-07-28
"2021-07-29",286.23999,288.619995,286.079987,286.5,18168300,280.864197,2021-07-29
"2021-07-30",285.170013,286.660004,283.910004,284.910004,20944800,279.305481,2021-07-30
"2021-08-02",286.359985,286.769989,283.73999,284.820007,16267400,279.217285,2021-08-02
"2021-08-03",285.420013,287.230011,284,287.119995,17879000,281.472015,2021-08-03
"2021-08-04",286.220001,287.589996,284.649994,286.51001,16191300,280.874054,2021-08-04
"2021-08-05",286.880005,289.630005,286.100006,289.519989,13900200,283.824829,2021-08-05
"2021-08-06",288.51001,289.5,287.619995,289.459991,16589300,283.766052,2021-08-06
"2021-08-09",289.75,291.549988,287.809998,288.329987,16117600,282.658234,2021-08-09
"2021-08-10",288.799988,289.25,285.200012,286.440002,18616600,280.80542,2021-08-10
"2021-08-11",287.209991,288.660004,285.859985,286.950012,13955900,281.30545,2021-08-11
"2021-08-12",286.630005,289.970001,286.339996,289.809998,14561300,284.109131,2021-08-12
"2021-08-13",289.480011,292.899994,289.299988,292.850006,18249000,287.089294,2021-08-13
"2021-08-16",293.190002,294.820007,290.019989,294.600006,22507600,288.80484,2021-08-16
"2021-08-17",292.390015,293.429993,291.079987,293.079987,20075300,287.314789,2021-08-17
"2021-08-18",292.040009,294.820007,290.269989,290.730011,21813000,285.556641,2021-08-18
"2021-08-19",288.690002,297.470001,288.640015,296.769989,29850500,291.489166,2021-08-19
"2021-08-20",299.720001,305.839996,298.059998,304.359985,40817600,298.944122,2021-08-20
"2021-08-23",303.25,305.399994,301.850006,304.649994,22830200,299.228973,2021-08-23
"2021-08-24",305.019989,305.649994,302,302.619995,18175800,297.235077,2021-08-24
"2021-08-25",304.299988,304.589996,300.420013,302.01001,20006100,296.635956,2021-08-25
"2021-08-26",300.98999,302.429993,298.950012,299.089996,17666100,293.767883,2021-08-26
"2021-08-27",298.98999,300.869995,296.829987,299.720001,22605700,294.386658,2021-08-27
"2021-08-30",301.119995,304.220001,301.059998,303.589996,16348100,298.187805,2021-08-30
"2021-08-31",304.420013,304.5,301.5,301.880005,26285300,296.50824,2021-08-31
"2021-09-01",302.869995,305.190002,301.48999,301.829987,18983800,296.459137,2021-09-01
"2021-09-02",302.200012,303.359985,300.179993,301.149994,16285600,295.791168,2021-09-02
"2021-09-03",300.98999,302.600006,300.26001,301.140015,14747900,295.781403,2021-09-03
"2021-09-07",301.01001,301.089996,298.200012,300.179993,17180400,294.838531,2021-09-07
"2021-09-08",299.779999,300.609985,297.470001,300.209991,15046800,294.867981,2021-09-08
"2021-09-09",300.820007,302.140015,297,297.25,19927000,291.960602,2021-09-09
"2021-09-10",298.420013,299.920013,295.380005,295.709991,19633400,290.447998,2021-09-10
"2021-09-13",297.549988,298.540009,294.079987,296.98999,23652900,291.70517,2021-09-13
"2021-09-14",299.559998,301.390015,298.100006,299.790009,21853400,294.455444,2021-09-14
"2021-09-15",303.26001,305.320007,301.820007,304.820007,28356300,299.395905,2021-09-15
"2021-09-16",303.76001,305.309998,300.76001,305.220001,19550800,299.788818,2021-09-16
"2021-09-17",304.170013,304.5,299.529999,299.869995,41372500,294.533966,2021-09-17
"2021-09-20",296.329987,298.720001,289.519989,294.299988,38278700,289.06311,2021-09-20
"2021-09-21",295.690002,297.540009,294.070007,294.799988,22364100,289.55423,2021-09-21
"2021-09-22",296.730011,300.220001,294.51001,298.579987,26626300,293.266937,2021-09-22
"2021-09-23",298.850006,300.899994,297.529999,299.559998,18604600,294.229523,2021-09-23
"2021-09-24",298.230011,299.799988,296.929993,299.350006,14999000,294.023254,2021-09-24
"2021-09-27",296.140015,296.470001,292.940002,294.170013,23571700,288.935394,2021-09-27
"2021-09-28",289.799988,290.779999,282.75,283.519989,43186200,278.474945,2021-09-28
"2021-09-29",285.100006,286.769989,283.01001,284,26353700,278.946442,2021-09-29
"2021-09-30",285.709991,287.829987,281.619995,281.920013,32343600,276.903442,2021-09-30
"2021-10-01",282.119995,289.980011,281.290009,289.100006,30086300,283.955688,2021-10-01
"2021-10-04",287.399994,287.75,280.25,283.109985,31350700,278.072205,2021-10-04
"2021-10-05",284.049988,290.399994,284.049988,288.76001,24993000,283.621674,2021-10-05
"2021-10-06",285.779999,293.630005,285.51001,293.109985,28002600,287.894287,2021-10-06
"2021-10-07",295.179993,296.640015,293.920013,294.850006,20430500,289.603302,2021-10-07
"2021-10-08",296.220001,296.640015,293.76001,294.850006,17685700,289.603302,2021-10-08
"2021-10-11",292.920013,297.970001,292.75,294.230011,19298600,288.994385,2021-10-11
"2021-10-12",295.339996,295.440002,292.350006,292.880005,17974100,287.668427,2021-10-12
"2021-10-13",294.910004,297.279999,293.48999,296.309998,23416300,291.037384,2021-10-13
"2021-10-14",299.209991,303.269989,297.829987,302.75,27262900,297.362762,2021-10-14
"2021-10-15",302.339996,304.450012,300.519989,304.209991,25384800,298.796783,2021-10-15
"2021-10-18",303.570007,308.209991,302.690002,307.290009,22729300,301.82196,2021-10-18
"2021-10-19",308.350006,309.299988,307.220001,308.230011,17682100,302.74527,2021-10-19
"2021-10-20",309.209991,309.700012,306.109985,307.410004,16537100,301.939819,2021-10-20
"2021-10-21",307.170013,311.019989,306.359985,310.76001,16918100,305.230225,2021-10-21
"2021-10-22",310.399994,311.089996,307.799988,309.160004,17449300,303.658722,2021-10-22
"2021-10-25",309.359985,309.399994,306.459991,308.130005,17554500,302.647034,2021-10-25
"2021-10-26",311,312.399994,308.600006,310.109985,28107300,304.591797,2021-10-26
"2021-10-27",316,326.100006,316,323.170013,52588700,317.419434,2021-10-27
"2021-10-28",324.329987,324.869995,321.359985,324.350006,26297900,318.578339,2021-10-28
"2021-10-29",324.130005,332,323.899994,331.619995,34766000,325.718994,2021-10-29
"2021-11-01",331.359985,331.48999,326.369995,329.369995,27073200,323.509064,2021-11-01
"2021-11-02",330.309998,333.450012,330,333.130005,26487100,327.202179,2021-11-02
"2021-11-03",333.899994,334.899994,330.649994,334,21500100,328.056732,2021-11-03
"2021-11-04",332.890015,336.540009,329.51001,336.440002,23992200,330.453247,2021-11-04
"2021-11-05",338.51001,338.790009,334.420013,336.059998,22570100,330.080017,2021-11-05
"2021-11-08",337.299988,337.649994,334.440002,336.98999,20897000,330.993469,2021-11-08
"2021-11-09",337.109985,338.720001,334.529999,335.950012,21307400,329.971985,2021-11-09
"2021-11-10",334.570007,334.630005,329.920013,330.799988,25500900,324.913635,2021-11-10
"2021-11-11",331.25,333.769989,330.51001,332.429993,16849800,326.514618,2021-11-11
"2021-11-12",333.920013,337.230011,333.790009,336.720001,23831000,330.728271,2021-11-12
"2021-11-15",337.540009,337.880005,334.029999,336.070007,16723000,330.089905,2021-11-15
"2021-11-16",335.679993,340.670013,335.51001,339.51001,20886800,333.468658,2021-11-16
"2021-11-17",338.940002,342.190002,338,339.119995,19053400,333.694946,2021-11-17
"2021-11-18",338.179993,342.450012,337.119995,341.269989,22463500,335.810547,2021-11-18
"2021-11-19",342.640015,345.100006,342.200012,343.109985,21963400,337.621094,2021-11-19
"2021-11-22",344.619995,349.670013,339.549988,339.829987,31031100,334.393555,2021-11-22
"2021-11-23",337.049988,339.450012,333.559998,337.679993,30427600,332.277954,2021-11-23
"2021-11-24",336.279999,338.160004,333.910004,337.910004,21661300,332.504272,2021-11-24
"2021-11-26",334.350006,337.929993,328.119995,329.679993,24217200,324.405945,2021-11-26
"2021-11-29",334.940002,339.029999,334.73999,336.630005,28563500,331.244781,2021-11-29
"2021-11-30",335.320007,337.779999,328.98999,330.589996,42885600,325.301392,2021-11-30
"2021-12-01",335.130005,339.279999,329.390015,330.079987,33337600,324.799591,2021-12-01
"2021-12-02",330.299988,333.48999,327.799988,329.48999,30766000,324.219025,2021-12-02
"2021-12-03",331.98999,332.700012,318.029999,323.01001,41779300,317.842651,2021-12-03
"2021-12-06",323.950012,327.450012,319.230011,326.190002,30032600,320.971771,2021-12-06
"2021-12-07",331.640015,335.799988,330.100006,334.920013,31021900,329.562134,2021-12-07
"2021-12-08",335.309998,335.5,330.799988,334.970001,24761000,329.611328,2021-12-08
"2021-12-09",334.410004,336.48999,332.119995,333.100006,22214200,327.771271,2021-12-09
"2021-12-10",334.980011,343,334.790009,342.540009,38095700,337.060272,2021-12-10
"2021-12-13",340.679993,343.790009,339.079987,339.399994,28899400,333.970459,2021-12-13
"2021-12-14",333.220001,334.640015,324.109985,328.339996,44438700,323.087402,2021-12-14
"2021-12-15",328.609985,335.190002,324.5,334.649994,35381100,329.296417,2021-12-15
"2021-12-16",335.709991,336.76001,323.019989,324.899994,35034800,319.702393,2021-12-16
"2021-12-17",320.880005,324.920013,317.25,323.799988,47750300,318.620026,2021-12-17
"2021-12-20",320.049988,322.799988,317.570007,319.910004,28326500,314.792297,2021-12-20
"2021-12-21",323.290009,327.730011,319.799988,327.290009,24740600,322.054199,2021-12-21
"2021-12-22",328.299988,333.609985,325.75,333.200012,24831500,327.869659,2021-12-22
"2021-12-23",332.75,336.390015,332.730011,334.690002,19617800,329.335846,2021-12-23
"2021-12-27",335.459991,342.480011,335.429993,342.450012,19947000,336.97168,2021-12-27
"2021-12-28",343.149994,343.809998,340.320007,341.25,15661500,335.790863,2021-12-28
"2021-12-29",341.299988,344.299988,339.679993,341.950012,15042000,336.479736,2021-12-29
"2021-12-30",341.910004,343.130005,338.820007,339.320007,15994500,333.891693,2021-12-30
"2021-12-31",338.51001,339.359985,335.850006,336.320007,18000800,330.939789,2021-12-31
"2022-01-03",335.350006,338,329.779999,334.75,28865100,329.394867,2022-01-03
"2022-01-04",334.829987,335.200012,326.119995,329.01001,32674300,323.746704,2022-01-04
"2022-01-05",325.859985,326.070007,315.980011,316.380005,40054300,311.318726,2022-01-05
"2022-01-06",313.149994,318.700012,311.48999,313.880005,39646100,308.858734,2022-01-06
"2022-01-07",314.149994,316.5,310.089996,314.040009,32720000,309.016174,2022-01-07
"2022-01-10",309.48999,314.720001,304.690002,314.269989,44289500,309.242432,2022-01-10
"2022-01-11",313.380005,316.609985,309.890015,314.980011,29386800,309.941132,2022-01-11
"2022-01-12",319.670013,323.410004,317.079987,318.269989,34372200,313.178497,2022-01-12
"2022-01-13",320.470001,320.880005,304,304.799988,45366000,299.92392,2022-01-13
"2022-01-14",304.25,310.820007,303.75,310.200012,39846400,305.23761,2022-01-14
"2022-01-18",304.070007,309.799988,301.73999,302.649994,42333200,297.80835,2022-01-18
"2022-01-19",306.290009,313.910004,302.700012,303.329987,45933900,298.477509,2022-01-19
"2022-01-20",309.070007,311.649994,301.140015,301.600006,35380700,296.775177,2022-01-20
"2022-01-21",302.690002,304.109985,295.609985,296.029999,57984400,291.29422,2022-01-21
"2022-01-24",292.200012,297.109985,276.049988,296.369995,85731500,291.628845,2022-01-24
"2022-01-25",291.519989,294.98999,285.170013,288.48999,72848600,283.874908,2022-01-25
"2022-01-26",307.98999,308.5,293.029999,296.709991,90428900,291.963409,2022-01-26
"2022-01-27",302.660004,307.299988,297.929993,299.839996,53481300,295.043304,2022-01-27
"2022-01-28",300.230011,308.480011,294.450012,308.26001,49743700,303.328674,2022-01-28
"2022-01-31",308.950012,312.380005,306.369995,310.980011,46444500,306.005157,2022-01-31
"2022-02-01",310.410004,310.630005,305.130005,308.76001,40950400,303.820648,2022-02-01
"2022-02-02",309.630005,315.119995,308.880005,313.459991,36636000,308.445435,2022-02-02
"2022-02-03",309.48999,311.230011,299.959991,301.25,43730000,296.430756,2022-02-03
"2022-02-04",300.209991,308.799988,299.970001,305.940002,35096500,301.045715,2022-02-04
"2022-02-07",306.170013,307.839996,299.899994,300.950012,28533300,296.13562,2022-02-07
"2022-02-08",301.25,305.559998,299.950012,304.559998,32421200,299.687805,2022-02-08
"2022-02-09",309.869995,311.929993,307.390015,311.209991,31284700,306.231415,2022-02-09
"2022-02-10",304.040009,309.119995,300.700012,302.380005,45386200,297.542725,2022-02-10
"2022-02-11",303.190002,304.290009,294.220001,295.040009,39175600,290.32016,2022-02-11
"2022-02-14",293.769989,296.76001,291.350006,295,36359500,290.280762,2022-02-14
"2022-02-15",300.01001,300.799988,297.019989,300.470001,27058300,295.663269,2022-02-15
"2022-02-16",298.369995,300.869995,293.679993,299.5,29982100,295.318115,2022-02-16
"2022-02-17",296.359985,296.799988,290,290.730011,32461600,286.670593,2022-02-17
"2022-02-18",293.049988,293.859985,286.309998,287.929993,34264000,283.909698,2022-02-18
"2022-02-22",285,291.540009,284.5,287.720001,41736100,283.702667,2022-02-22
"2022-02-23",290.179993,291.700012,280.100006,280.269989,37811200,276.356659,2022-02-23
"2022-02-24",272.51001,295.160004,271.519989,294.589996,56989700,290.476715,2022-02-24
"2022-02-25",295.140015,297.630005,291.649994,297.309998,32546700,293.158722,2022-02-25
"2022-02-28",294.309998,299.140015,293,298.790009,34627500,294.618103,2022-02-28
"2022-03-01",296.399994,299.970001,292.149994,294.950012,31217800,290.831726,2022-03-01
"2022-03-02",295.359985,301.470001,293.700012,300.190002,31873000,295.998505,2022-03-02
"2022-03-03",302.890015,303.130005,294.049988,295.920013,27314500,291.788147,2022-03-03
"2022-03-04",294.290009,295.660004,287.170013,289.859985,32356500,285.812714,2022-03-04
"2022-03-07",288.529999,289.690002,278.529999,278.910004,43157200,275.015625,2022-03-07
"2022-03-08",277.799988,283.959991,270,275.850006,48159500,271.998352,2022-03-08
"2022-03-09",283.440002,289.600006,280.779999,288.5,35204500,284.471741,2022-03-09
"2022-03-10",283.019989,286.600006,280.579987,285.589996,30628000,281.602356,2022-03-10
"2022-03-11",287.959991,289.51001,279.429993,280.070007,27209300,276.159424,2022-03-11
"2022-03-14",280.339996,285.399994,275.820007,276.440002,30660700,272.580139,2022-03-14
"2022-03-15",280.350006,287.820007,278.730011,287.149994,34245100,283.140594,2022-03-15
"2022-03-16",289.109985,294.570007,283.200012,294.390015,37826300,290.27951,2022-03-16
"2022-03-17",293.290009,295.609985,289.369995,295.220001,30816600,291.0979,2022-03-17
"2022-03-18",295.369995,301,292.730011,300.429993,43390600,296.235138,2022-03-18
"2022-03-21",298.890015,300.140015,294.899994,299.160004,28351200,294.98291,2022-03-21
"2022-03-22",299.799988,305,298.769989,304.059998,27599700,299.814453,2022-03-22
"2022-03-23",300.51001,303.230011,297.720001,299.48999,25715400,295.308258,2022-03-23
"2022-03-24",299.140015,304.200012,298.320007,304.100006,24484500,299.853973,2022-03-24
"2022-03-25",305.230011,305.5,299.290009,303.679993,22566500,299.439789,2022-03-25
"2022-03-28",304.329987,310.799988,304.329987,310.700012,29578200,306.361786,2022-03-28
"2022-03-29",313.910004,315.820007,309.049988,315.410004,30393400,311.005981,2022-03-29
"2022-03-30",313.76001,315.950012,311.579987,313.859985,28163600,309.477661,2022-03-30
"2022-03-31",313.899994,315.140015,307.890015,308.309998,33422100,304.005127,2022-03-31
"2022-04-01",309.369995,310.130005,305.540009,309.420013,27110500,305.09964,2022-04-01
"2022-04-04",310.089996,315.109985,309.709991,314.970001,24289600,310.572144,2022-04-04
"2022-04-05",313.269989,314.869995,309.869995,310.880005,23156700,306.539246,2022-04-05
"2022-04-06",305.190002,307,296.709991,299.5,40110400,295.318115,2022-04-06
"2022-04-07",296.660004,303.649994,296.350006,301.369995,31411200,297.162048,2022-04-07
"2022-04-08",300.440002,301.119995,296.279999,296.970001,24361900,292.823517,2022-04-08
"2022-04-11",291.790009,292.609985,285,285.26001,34569300,281.277039,2022-04-11
"2022-04-12",289.23999,290.73999,280.48999,282.059998,30966700,278.121674,2022-04-12
"2022-04-13",282.730011,288.579987,281.299988,287.619995,21907200,283.604004,2022-04-13
"2022-04-14",288.089996,288.309998,279.320007,279.829987,28221600,275.922821,2022-04-14
"2022-04-18",278.910004,282.459991,278.339996,280.519989,20778000,276.603149,2022-04-18
"2022-04-19",279.380005,286.170013,278.410004,285.299988,22297700,281.316406,2022-04-19
"2022-04-20",289.399994,289.700012,285.369995,286.359985,22906700,282.361603,2022-04-20
"2022-04-21",288.579987,293.299988,280.059998,280.809998,29454600,276.889099,2022-04-21
"2022-04-22",281.679993,283.200012,273.380005,274.029999,29405800,270.203766,2022-04-22
"2022-04-25",273.290009,281.109985,270.769989,280.720001,35678900,276.800415,2022-04-25
"2022-04-26",277.5,278.359985,270,270.220001,46518400,266.446991,2022-04-26
"2022-04-27",282.100006,290.970001,279.160004,283.220001,63477700,279.265442,2022-04-27
"2022-04-28",285.190002,290.980011,281.459991,289.630005,33646600,285.585968,2022-04-28
"2022-04-29",288.609985,289.880005,276.5,277.519989,37073900,273.64505,2022-04-29
"2022-05-02",277.709991,284.940002,276.220001,284.470001,35151100,280.497986,2022-05-02
"2022-05-03",283.959991,284.130005,280.149994,281.779999,25978600,277.845581,2022-05-03
"2022-05-04",282.589996,290.880005,276.730011,289.980011,33599300,285.931091,2022-05-04
"2022-05-05",285.540009,286.350006,274.339996,277.350006,43260400,273.477417,2022-05-05
"2022-05-06",274.809998,279.25,271.269989,274.730011,37780300,270.893982,2022-05-06
"2022-05-09",270.059998,272.359985,263.320007,264.579987,47726000,260.885712,2022-05-09
"2022-05-10",271.690002,273.75,265.070007,269.5,39336400,265.73703,2022-05-10
"2022-05-11",265.679993,271.359985,259.299988,260.549988,48975900,256.911987,2022-05-11
"2022-05-12",257.690002,259.880005,250.020004,255.350006,51033800,251.784607,2022-05-12
"2022-05-13",257.350006,263.040009,255.350006,261.119995,34925100,257.47403,2022-05-13
"2022-05-16",259.959991,265.820007,255.779999,261.5,32550900,257.848724,2022-05-16
"2022-05-17",266.109985,268.329987,262.459991,266.820007,28828800,263.094482,2022-05-17
"2022-05-18",263,263.600006,252.770004,254.080002,31356000,251.115845,2022-05-18
"2022-05-19",253.899994,257.670013,251.880005,253.139999,32692300,250.186829,2022-05-19
"2022-05-20",257.23999,258.540009,246.440002,252.559998,39199300,249.613586,2022-05-20
"2022-05-23",255.490005,261.5,253.429993,260.649994,33175400,257.609222,2022-05-23
"2022-05-24",257.890015,261.329987,253.5,259.619995,29043900,256.591248,2022-05-24
"2022-05-25",258.140015,264.579987,257.130005,262.519989,28547900,259.457397,2022-05-25
"2022-05-26",262.269989,267.109985,261.429993,265.899994,25002100,262.797913,2022-05-26
"2022-05-27",268.480011,273.339996,267.559998,273.23999,26910800,270.052307,2022-05-27
"2022-05-31",272.529999,274.769989,268.929993,271.869995,37827700,268.698334,2022-05-31
"2022-06-01",275.200012,277.690002,270.040009,272.420013,25292200,269.241913,2022-06-01
"2022-06-02",264.450012,274.649994,261.600006,274.579987,44008200,271.376678,2022-06-02
"2022-06-03",270.309998,273.450012,268.410004,270.019989,28059000,266.869873,2022-06-03
"2022-06-06",272.059998,274.179993,267.220001,268.75,22400300,265.614746,2022-06-06
"2022-06-07",266.640015,273.130005,265.940002,272.5,22860700,269.320984,2022-06-07
"2022-06-08",271.709991,273,269.609985,270.410004,17372300,267.255341,2022-06-08
"2022-06-09",267.779999,272.709991,264.630005,264.790009,26439700,261.700958,2022-06-09
"2022-06-10",260.579987,260.579987,252.529999,252.990005,31422800,250.038559,2022-06-10
"2022-06-13",245.110001,249.020004,241.529999,242.259995,46135800,239.433746,2022-06-13
"2022-06-14",243.860001,245.740005,241.509995,244.490005,28651500,241.637726,2022-06-14
"2022-06-15",248.309998,255.300003,246.419998,251.759995,33111700,248.822922,2022-06-15
"2022-06-16",245.979996,247.419998,243.020004,244.970001,33169200,242.112122,2022-06-16
"2022-06-17",244.699997,250.5,244.029999,247.649994,43084800,244.760864,2022-06-17
"2022-06-21",250.259995,254.75,249.509995,253.740005,29928300,250.779831,2022-06-21
"2022-06-22",251.889999,257.170013,250.369995,253.130005,25939900,250.176941,2022-06-22
"2022-06-23",255.570007,259.369995,253.630005,258.859985,25861400,255.840103,2022-06-23
"2022-06-24",261.809998,267.980011,261.720001,267.700012,33923200,264.576965,2022-06-24
"2022-06-27",268.209991,268.299988,263.279999,264.890015,24615100,261.799774,2022-06-27
"2022-06-28",263.980011,266.910004,256.320007,256.480011,27295500,253.487869,2022-06-28
"2022-06-29",257.589996,261.970001,255.759995,260.26001,20069800,257.223785,2022-06-29
"2022-06-30",257.049988,259.529999,252.899994,256.829987,31730900,253.833771,2022-06-30
"2022-07-01",256.390015,259.769989,254.610001,259.579987,22837700,256.551636,2022-07-01
"2022-07-05",256.160004,262.980011,254.740005,262.850006,22941000,259.783508,2022-07-05
"2022-07-06",263.75,267.98999,262.399994,266.209991,23824400,263.10434,2022-07-06
"2022-07-07",265.119995,269.059998,265.019989,268.399994,20859900,265.268799,2022-07-07
"2022-07-08",264.790009,268.100006,263.290009,267.660004,19658800,264.537384,2022-07-08
"2022-07-11",265.649994,266.529999,262.179993,264.51001,19455200,261.424194,2022-07-11
"2022-07-12",265.880005,265.940002,252.039993,253.669998,35868500,250.710632,2022-07-12
"2022-07-13",250.190002,253.550003,248.110001,252.720001,29497400,249.771713,2022-07-13
"2022-07-14",250.570007,255.139999,245.940002,254.080002,25102800,251.115845,2022-07-14
"2022-07-15",255.720001,260.369995,254.770004,256.720001,29774100,253.725052,2022-07-15
"2022-07-18",259.75,260.839996,253.300003,254.25,20975000,251.283875,2022-07-18
"2022-07-19",257.579987,259.720001,253.679993,259.529999,25012600,256.502258,2022-07-19
"2022-07-20",259.899994,264.869995,258.910004,262.269989,22788300,259.210327,2022-07-20
"2022-07-21",259.790009,264.890015,257.029999,264.839996,22404700,261.750305,2022-07-21
"2022-07-22",265.23999,265.329987,259.070007,260.359985,21881300,257.322571,2022-07-22
"2022-07-25",261,261.5,256.809998,258.829987,21056000,255.81041,2022-07-25
"2022-07-26",259.859985,259.880005,249.570007,251.899994,39348000,248.961288,2022-07-26
"2022-07-27",261.160004,270.049988,258.850006,268.73999,45994000,265.604828,2022-07-27
"2022-07-28",269.75,277.839996,267.869995,276.410004,33459300,273.185333,2022-07-28
"2022-07-29",277.700012,282,276.630005,280.73999,32152800,277.464813,2022-07-29
"2022-08-01",277.820007,281.279999,275.839996,278.01001,21539600,274.766693,2022-08-01
"2022-08-02",276,277.890015,272.380005,274.820007,22754200,271.613892,2022-08-02
"2022-08-03",276.76001,283.5,276.609985,282.470001,23518900,279.174591,2022-08-03
"2022-08-04",281.799988,283.799988,280.170013,283.649994,18098700,280.340881,2022-08-04
"2022-08-05",279.149994,283.649994,278.679993,282.910004,16774600,279.609497,2022-08-05
"2022-08-08",284.049988,285.920013,279.320007,280.320007,18739200,277.049713,2022-08-08
"2022-08-09",279.640015,283.079987,277.609985,282.299988,23405200,279.006622,2022-08-09
"2022-08-10",288.170013,289.809998,286.940002,289.160004,24687800,285.786591,2022-08-10
"2022-08-11",290.850006,291.209991,286.51001,287.019989,20065900,283.67157,2022-08-11
"2022-08-12",288.480011,291.910004,286.940002,291.910004,22619700,288.504517,2022-08-12
"2022-08-15",291,294.179993,290.109985,293.470001,18085700,290.046326,2022-08-15
"2022-08-16",291.98999,294.040009,290.420013,292.709991,18102900,289.295166,2022-08-16
"2022-08-17",289.73999,293.350006,289.470001,291.320007,18253400,288.532593,2022-08-17
"2022-08-18",290.190002,291.910004,289.079987,290.170013,17186200,287.393555,2022-08-18
"2022-08-19",288.899994,289.25,285.559998,286.149994,20570000,283.412018,2022-08-19
"2022-08-22",282.079987,282.459991,277.220001,277.75,25061100,275.092377,2022-08-22
"2022-08-23",276.440002,278.859985,275.399994,276.440002,17527400,273.794922,2022-08-23
"2022-08-24",275.410004,277.230011,275.109985,275.790009,18137000,273.151154,2022-08-24
"2022-08-25",277.329987,279.019989,274.519989,278.850006,16583400,276.181854,2022-08-25
"2022-08-26",279.079987,280.339996,267.980011,268.089996,27549300,265.524811,2022-08-26
"2022-08-29",265.850006,267.399994,263.850006,265.230011,20338500,262.6922,2022-08-29
"2022-08-30",266.670013,267.049988,260.660004,262.970001,22767100,260.453796,2022-08-30
"2022-08-31",265.390015,267.109985,261.329987,261.470001,24791800,258.96814,2022-08-31
"2022-09-01",258.869995,260.890015,255.410004,260.399994,23263400,257.908386,2022-09-01
"2022-09-02",261.700012,264.73999,254.470001,256.059998,22855400,253.609924,2022-09-02
"2022-09-06",256.200012,257.829987,251.940002,253.25,21328200,250.826813,2022-09-06
"2022-09-07",254.699997,258.829987,253.220001,258.089996,24126700,255.620514,2022-09-07
"2022-09-08",257.51001,260.429993,254.789993,258.519989,20319900,256.046387,2022-09-08
"2022-09-09",260.5,265.230011,260.290009,264.459991,22084700,261.929535,2022-09-09
"2022-09-12",265.779999,267.450012,265.160004,266.649994,18747700,264.098602,2022-09-12
"2022-09-13",258.839996,260.399994,251.589996,251.990005,33353300,249.578888,2022-09-13
"2022-09-14",253.529999,254.229996,249.860001,252.220001,23913000,249.806671,2022-09-14
"2022-09-15",249.770004,251.399994,244.020004,245.380005,31530900,243.032135,2022-09-15
"2022-09-16",244.259995,245.300003,242.059998,244.740005,39791800,242.398254,2022-09-16
"2022-09-19",242.470001,245.139999,240.850006,244.520004,26826900,242.180344,2022-09-19
"2022-09-20",242.070007,243.509995,239.639999,242.449997,26660300,240.130157,2022-09-20
"2022-09-21",244.270004,247.660004,238.899994,238.949997,28625600,236.663635,2022-09-21
"2022-09-22",237.869995,243.860001,237.570007,240.979996,31061200,238.67421,2022-09-22
"2022-09-23",239.539993,241.130005,235.199997,237.919998,34176000,235.643494,2022-09-23
"2022-09-26",237.050003,241.449997,236.899994,237.449997,27694200,235.177994,2022-09-26
"2022-09-27",239.979996,241.800003,234.5,236.410004,27018700,234.147949,2022-09-27
"2022-09-28",236.809998,242.330002,234.729996,241.070007,29029700,238.763367,2022-09-28
"2022-09-29",238.889999,239.949997,234.410004,237.5,27484200,235.227509,2022-09-29
"2022-09-30",238.289993,240.539993,232.729996,232.899994,35694800,230.671524,2022-09-30
"2022-10-03",235.410004,241.610001,234.660004,240.740005,28880400,238.436508,2022-10-03
"2022-10-04",245.089996,250.360001,244.979996,248.880005,34888400,246.498627,2022-10-04
"2022-10-05",245.990005,250.580002,244.100006,249.199997,20347100,246.815552,2022-10-05
"2022-10-06",247.929993,250.339996,246.080002,246.789993,20239900,244.428619,2022-10-06
"2022-10-07",240.899994,241.320007,233.169998,234.240005,37769600,231.998734,2022-10-07
"2022-10-10",233.050003,234.559998,226.729996,229.25,29743600,227.056458,2022-10-10
"2022-10-11",227.619995,229.059998,224.110001,225.410004,30474000,223.253189,2022-10-11
"2022-10-12",225.399994,227.860001,223.960007,225.75,21903900,223.589935,2022-10-12
"2022-10-13",219.850006,236.100006,219.130005,234.240005,42551800,231.998734,2022-10-13
"2022-10-14",235.539993,237.240005,228.339996,228.559998,30198600,226.373062,2022-10-14
"2022-10-17",235.820007,238.960007,235.139999,237.529999,28142300,235.257248,2022-10-17
"2022-10-18",243.240005,243.929993,235.369995,238.5,26329600,236.217941,2022-10-18
"2022-10-19",237.039993,239.610001,234.289993,236.479996,19985700,234.21727,2022-10-19
"2022-10-20",235.770004,241.309998,234.869995,236.149994,21811000,233.890442,2022-10-20
"2022-10-21",234.740005,243,234.5,242.119995,26299700,239.803299,2022-10-21
"2022-10-24",243.759995,247.839996,241.300003,247.25,24911200,244.884232,2022-10-24
"2022-10-25",247.259995,251.039993,245.830002,250.660004,34775500,248.261597,2022-10-25
"2022-10-26",231.169998,238.300003,230.059998,231.320007,82543200,229.106659,2022-10-26
"2022-10-27",231.039993,233.690002,225.779999,226.75,40424600,224.580368,2022-10-27
"2022-10-28",226.240005,236.600006,226.050003,235.869995,40647700,233.613098,2022-10-28
"2022-10-31",233.759995,234.919998,231.149994,232.130005,28357300,229.90889,2022-10-31
"2022-11-01",234.600006,235.740005,227.330002,228.169998,30592300,225.986801,2022-11-01
"2022-11-02",229.460007,231.300003,220.039993,220.100006,38407000,217.994003,2022-11-02
"2022-11-03",220.089996,220.410004,213.979996,214.25,36633900,212.199982,2022-11-03
"2022-11-04",217.550003,221.589996,213.429993,221.389999,36789100,219.271667,2022-11-04
"2022-11-07",221.990005,228.410004,221.279999,227.869995,33498000,225.689651,2022-11-07
"2022-11-08",228.699997,231.649994,225.839996,228.869995,28192500,226.680099,2022-11-08
"2022-11-09",227.369995,228.630005,224.330002,224.509995,27852900,222.361801,2022-11-09
"2022-11-10",235.429993,243.330002,235,242.979996,46268000,240.655075,2022-11-10
"2022-11-11",242.990005,247.990005,241.929993,247.110001,34620200,244.745544,2022-11-11
"2022-11-14",241.990005,243.910004,239.210007,241.550003,31123300,239.238754,2022-11-14
"2022-11-15",245.660004,247,240.029999,241.970001,31390100,239.654755,2022-11-15
"2022-11-16",242.789993,243.800003,240.419998,241.729996,24093300,240.091751,2022-11-16
"2022-11-17",237.779999,243.25,237.630005,241.679993,23123500,240.042084,2022-11-17
"2022-11-18",243.509995,243.740005,239.029999,241.220001,27613500,239.58522,2022-11-18
"2022-11-21",241.429993,244.669998,241.190002,242.050003,26394700,240.409592,2022-11-21
"2022-11-22",243.589996,245.309998,240.710007,245.029999,19665700,243.3694,2022-11-22
"2022-11-23",245.110001,248.279999,244.270004,247.580002,19508500,245.902115,2022-11-23
"2022-11-25",247.309998,248.699997,246.729996,247.490005,9200800,245.812714,2022-11-25
"2022-11-28",246.080002,246.649994,240.800003,241.759995,24778200,240.121552,2022-11-28
"2022-11-29",241.399994,242.789993,238.210007,240.330002,17956300,238.701248,2022-11-29
"2022-11-30",240.570007,255.330002,239.860001,255.139999,47594200,253.410873,2022-11-30
"2022-12-01",253.869995,256.119995,250.919998,254.690002,26041500,252.963913,2022-12-01
"2022-12-02",249.820007,256.059998,249.690002,255.020004,21528500,253.291687,2022-12-02
"2022-12-05",252.009995,253.820007,248.059998,250.199997,23435300,248.504364,2022-12-05
"2022-12-06",250.820007,251.860001,243.779999,245.119995,22463700,243.458771,2022-12-06
"2022-12-07",244.830002,246.160004,242.210007,244.369995,20481500,242.713852,2022-12-07
"2022-12-08",244.839996,248.740005,243.059998,247.399994,22611800,245.723312,2022-12-08
"2022-12-09",244.699997,248.309998,244.160004,245.419998,20609700,243.756744,2022-12-09
"2022-12-12",247.449997,252.539993,247.169998,252.509995,30665100,250.798691,2022-12-12
"2022-12-13",261.690002,263.920013,253.070007,256.920013,42196900,255.178818,2022-12-13
"2022-12-14",257.130005,262.589996,254.309998,257.220001,35410900,255.476791,2022-12-14
"2022-12-15",253.720001,254.199997,247.339996,249.009995,35560400,247.322418,2022-12-15
"2022-12-16",248.550003,249.839996,243.509995,244.690002,86102000,243.031708,2022-12-16
"2022-12-19",244.860001,245.210007,238.710007,240.449997,29696400,238.820419,2022-12-19
"2022-12-20",239.399994,242.910004,238.419998,241.800003,25150800,240.161285,2022-12-20
"2022-12-21",241.690002,245.619995,240.110001,244.429993,23690600,242.773453,2022-12-21
"2022-12-22",241.259995,241.990005,233.869995,238.190002,28651700,236.575745,2022-12-22
"2022-12-23",236.110001,238.869995,233.940002,238.729996,21207000,237.112091,2022-12-23
"2022-12-27",238.699997,238.929993,235.830002,236.960007,16688600,235.354095,2022-12-27
"2022-12-28",236.889999,239.720001,234.169998,234.529999,17457100,232.940552,2022-12-28
"2022-12-29",235.649994,241.919998,235.649994,241.009995,19770700,239.376633,2022-12-29
"2022-12-30",238.210007,239.960007,236.660004,239.820007,21938500,238.194702,2022-12-30
"2023-01-03",243.080002,245.75,237.399994,239.580002,25740000,237.956329,2023-01-03
"2023-01-04",232.279999,232.869995,225.960007,229.100006,50623400,227.547363,2023-01-04
"2023-01-05",227.199997,227.550003,221.759995,222.309998,39585600,220.80336,2023-01-05
"2023-01-06",223,225.759995,219.350006,224.929993,43613600,223.405609,2023-01-06
"2023-01-09",226.449997,231.240005,226.410004,227.119995,27369800,225.580765,2023-01-09
"2023-01-10",227.759995,231.309998,227.330002,228.850006,27033900,227.299042,2023-01-10
"2023-01-11",231.289993,235.949997,231.110001,235.770004,28669300,234.17215,2023-01-11
"2023-01-12",235.259995,239.899994,233.559998,238.509995,27269500,236.89357,2023-01-12
"2023-01-13",237,239.369995,234.919998,239.229996,21333300,237.608704,2023-01-13
"2023-01-17",237.970001,240.910004,237.089996,240.350006,29831300,238.721115,2023-01-17
"2023-01-18",241.570007,242.380005,235.520004,235.809998,30028700,234.211868,2023-01-18
"2023-01-19",233.779999,235.520004,230.679993,231.929993,28623000,230.35817,2023-01-19
"2023-01-20",234.860001,240.740005,234.509995,240.220001,35389800,238.591995,2023-01-20
"2023-01-23",241.100006,245.169998,239.649994,242.580002,31934000,240.935989,2023-01-23
"2023-01-24",242.5,243.949997,240.440002,242.039993,40234400,240.399658,2023-01-24
"2023-01-25",234.479996,243.300003,230.899994,240.610001,66526600,238.97934,2023-01-25
"2023-01-26",243.649994,248.309998,242,248,33454500,246.31926,2023-01-26
"2023-01-27",248.990005,249.830002,246.830002,248.160004,26498900,246.47818,2023-01-27
"2023-01-30",244.509995,245.600006,242.199997,242.710007,25867400,241.065125,2023-01-30
"2023-01-31",243.449997,247.949997,242.949997,247.809998,26541100,246.130554,2023-01-31
"2023-02-01",248,255.179993,245.470001,252.75,31259900,251.037064,2023-02-01
"2023-02-02",258.820007,264.690002,257.25,264.600006,39940400,262.806732,2023-02-02
"2023-02-03",259.540009,264.200012,257.100006,258.350006,29077300,256.599121,2023-02-03
"2023-02-06",257.440002,258.299988,254.779999,256.769989,22518000,255.0298,2023-02-06
"2023-02-07",260.529999,268.769989,260.079987,267.559998,50841400,265.746704,2023-02-07
"2023-02-08",273.200012,276.76001,266.209991,266.730011,54686000,264.922333,2023-02-08
"2023-02-09",273.799988,273.980011,262.799988,263.619995,42375100,261.833405,2023-02-09
"2023-02-10",261.529999,264.089996,260.660004,263.100006,25818500,261.316925,2023-02-10
"2023-02-13",267.640015,274.600006,267.149994,271.320007,44630900,269.481201,2023-02-13
"2023-02-14",272.670013,274.970001,269.279999,272.170013,37047900,270.3255,2023-02-14
"2023-02-15",268.320007,270.730011,266.179993,269.320007,28922400,268.164795,2023-02-15
"2023-02-16",264.019989,266.73999,261.899994,262.149994,29603600,261.025513,2023-02-16
"2023-02-17",259.390015,260.089996,256,258.059998,30000100,256.953064,2023-02-17
"2023-02-21",254.479996,255.490005,251.589996,252.669998,28397400,251.586182,2023-02-21
"2023-02-22",254.089996,254.339996,250.339996,251.509995,22491100,250.431168,2023-02-22
"2023-02-23",255.559998,256.839996,250.479996,254.770004,29219100,253.677185,2023-02-23
"2023-02-24",249.960007,251,248.100006,249.220001,24990900,248.150986,2023-02-24
"2023-02-27",252.460007,252.820007,249.389999,250.160004,21190000,249.08696,2023-02-27
"2023-02-28",249.070007,251.490005,248.729996,249.419998,22491000,248.350128,2023-02-28
"2023-03-01",250.759995,250.929993,245.789993,246.270004,27565300,245.213638,2023-03-01
"2023-03-02",246.550003,251.399994,245.610001,251.110001,24808200,250.032883,2023-03-02
"2023-03-03",252.190002,255.619995,251.389999,255.289993,30760100,254.194946,2023-03-03
"2023-03-06",256.429993,260.119995,255.979996,256.869995,24109800,255.768173,2023-03-06
"2023-03-07",256.299988,257.690002,253.389999,254.149994,21473200,253.05983,2023-03-07
"2023-03-08",254.039993,254.539993,250.809998,253.699997,17340200,252.611755,2023-03-08
"2023-03-09",255.820007,259.559998,251.580002,252.320007,26653400,251.237701,2023-03-09
"2023-03-10",251.080002,252.789993,247.600006,248.589996,28333900,247.523682,2023-03-10
"2023-03-13",247.399994,257.910004,245.729996,253.919998,33339700,252.830826,2023-03-13
"2023-03-14",256.75,261.070007,255.860001,260.790009,33620300,259.671356,2023-03-14
"2023-03-15",259.980011,266.480011,259.209991,265.440002,46028000,264.301392,2023-03-15
"2023-03-16",265.209991,276.559998,263.279999,276.200012,54768800,275.015289,2023-03-16
"2023-03-17",278.26001,283.329987,276.320007,279.429993,69527400,278.231415,2023-03-17
"2023-03-20",276.980011,277.480011,269.850006,272.230011,43466600,271.062286,2023-03-20
"2023-03-21",274.880005,275,269.519989,273.779999,34558700,272.605621,2023-03-21
"2023-03-22",273.399994,281.040009,272.179993,272.290009,34873300,271.12204,2023-03-22
"2023-03-23",277.940002,281.059998,275.200012,277.660004,36610900,276.468994,2023-03-23
"2023-03-24",277.23999,280.630005,275.279999,280.570007,28172000,279.366516,2023-03-24
"2023-03-27",280.5,281.459991,275.519989,276.380005,26840200,275.194489,2023-03-27
"2023-03-28",275.790009,276.140015,272.049988,275.230011,21878600,274.049438,2023-03-28
"2023-03-29",278.959991,281.140015,278.410004,280.51001,25087000,279.306763,2023-03-29
"2023-03-30",284.230011,284.459991,281.480011,284.049988,25053400,282.831573,2023-03-30
"2023-03-31",283.730011,289.269989,283,288.299988,32766000,287.063354,2023-03-31
"2023-04-03",286.519989,288.269989,283.950012,287.230011,24883300,285.997955,2023-04-03
"2023-04-04",287.230011,290.450012,285.670013,287.179993,25824300,285.948151,2023-04-04
"2023-04-05",285.850006,287.149994,282.920013,284.339996,22064800,283.120331,2023-04-05
"2023-04-06",283.209991,292.079987,282.029999,291.600006,29770300,290.349182,2023-04-06
"2023-04-10",289.209991,289.600006,284.709991,289.390015,23103000,288.148682,2023-04-10
"2023-04-11",285.75,285.980011,281.640015,282.829987,27276600,281.616821,2023-04-11
"2023-04-12",284.790009,287.01001,281.959991,283.48999,27403400,282.273987,2023-04-12
"2023-04-13",283.589996,289.899994,283.170013,289.839996,24222700,288.596741,2023-04-13
"2023-04-14",287,288.480011,283.690002,286.140015,20987900,284.912628,2023-04-14
"2023-04-17",289.929993,291.600006,286.160004,288.799988,23836200,287.561188,2023-04-17
"2023-04-18",291.570007,291.76001,287.01001,288.369995,20161800,287.133057,2023-04-18
"2023-04-19",285.98999,289.049988,284.540009,288.450012,17150300,287.212708,2023-04-19
"2023-04-20",285.25,289.029999,285.079987,286.109985,23244400,284.882721,2023-04-20
"2023-04-21",285.01001,286.269989,283.059998,285.76001,21676400,284.534271,2023-04-21
"2023-04-24",282.089996,284.950012,278.720001,281.769989,26611000,280.561371,2023-04-24
"2023-04-25",279.51001,281.600006,275.369995,275.420013,45772200,274.238647,2023-04-25
"2023-04-26",296.700012,299.570007,292.730011,295.369995,64599200,294.103027,2023-04-26
"2023-04-27",295.970001,305.200012,295.25,304.829987,46462600,303.52243,2023-04-27
"2023-04-28",304.01001,308.929993,303.309998,307.26001,36446700,305.942047,2023-04-28
"2023-05-01",306.970001,308.600006,305.149994,305.559998,21294100,304.249329,2023-05-01
"2023-05-02",307.76001,309.179993,303.910004,305.410004,26404400,304.099945,2023-05-02
"2023-05-03",306.619995,308.609985,304.089996,304.399994,22360800,303.094299,2023-05-03
"2023-05-04",306.23999,307.76001,303.399994,305.410004,22519900,304.099945,2023-05-04
"2023-05-05",305.720001,311.970001,304.269989,310.649994,28181200,309.317505,2023-05-05
"2023-05-08",310.130005,310.200012,306.089996,308.649994,21318600,307.32605,2023-05-08
"2023-05-09",308,310.040009,306.309998,307,21340800,305.683136,2023-05-09
"2023-05-10",308.619995,313,307.670013,312.309998,30078000,310.970367,2023-05-10
"2023-05-11",310.100006,311.119995,306.26001,310.109985,31680200,308.779785,2023-05-11
"2023-05-12",310.549988,310.649994,306.600006,308.970001,19758100,307.644714,2023-05-12
"2023-05-15",309.100006,309.899994,307.589996,309.459991,16336500,308.132599,2023-05-15
"2023-05-16",309.829987,313.709991,309.829987,311.73999,26730300,310.402802,2023-05-16
"2023-05-17",312.290009,314.429993,310.73999,314,24315000,313.336609,2023-05-17
"2023-05-18",314.529999,319.040009,313.720001,318.519989,27276000,317.847046,2023-05-18
"2023-05-19",316.73999,318.75,316.369995,318.339996,27529500,317.667419,2023-05-19
"2023-05-22",318.600006,322.589996,318.01001,321.179993,24115700,320.501434,2023-05-22
"2023-05-23",320.029999,322.720001,315.25,315.26001,30797200,314.593933,2023-05-23
"2023-05-24",314.730011,316.5,312.609985,313.850006,23384900,313.18692,2023-05-24
"2023-05-25",323.23999,326.899994,320,325.920013,43301700,325.231415,2023-05-25
"2023-05-26",324.019989,333.399994,323.880005,332.890015,36630600,332.186707,2023-05-26
"2023-05-30",335.230011,335.73999,330.519989,331.209991,29503100,330.510223,2023-05-30
"2023-05-31",332.290009,335.940002,327.329987,328.390015,45950600,327.696198,2023-05-31
"2023-06-01",325.929993,333.529999,324.720001,332.579987,26773900,331.877319,2023-06-01
"2023-06-02",334.25,337.5,332.549988,335.399994,25864000,334.691376,2023-06-02
"2023-06-05",335.220001,338.559998,334.660004,335.940002,21307100,335.230255,2023-06-05
"2023-06-06",335.329987,335.369995,332.170013,333.679993,20396200,332.975006,2023-06-06
"2023-06-07",331.649994,334.48999,322.5,323.380005,40717100,322.696777,2023-06-07
"2023-06-08",323.940002,326.640015,323.350006,325.26001,23277700,324.572815,2023-06-08
"2023-06-09",324.98999,329.98999,324.410004,326.790009,22514900,326.099579,2023-06-09
"2023-06-12",328.579987,332.100006,325.160004,331.850006,24260300,331.148895,2023-06-12
"2023-06-13",334.470001,336.980011,330.390015,334.290009,22951300,333.58374,2023-06-13
"2023-06-14",334.339996,339.040009,332.809998,337.339996,26003800,336.627289,2023-06-14
"2023-06-15",337.480011,349.839996,337.200012,348.100006,38899100,347.364563,2023-06-15
"2023-06-16",351.320007,351.470001,341.950012,342.329987,46533600,341.60672,2023-06-16
"2023-06-20",339.309998,342.079987,335.859985,338.049988,26375400,337.335785,2023-06-20
"2023-06-21",336.369995,337.730011,332.070007,333.559998,25117800,332.855255,2023-06-21
"2023-06-22",334.119995,340.119995,333.339996,339.709991,23556800,338.992279,2023-06-22
"2023-06-23",334.359985,337.959991,333.450012,335.019989,23084700,334.312164,2023-06-23
"2023-06-26",333.720001,336.109985,328.48999,328.600006,21520600,327.905762,2023-06-26
"2023-06-27",331.859985,336.149994,329.299988,334.570007,24354100,333.863159,2023-06-27
"2023-06-28",334.660004,337.980011,333.809998,335.850006,20259500,335.140442,2023-06-28
"2023-06-29",334.709991,336.109985,332.619995,335.049988,16997000,334.342102,2023-06-29
"2023-06-30",337.75,342.730011,337.200012,340.540009,26823800,339.820526,2023-06-30
"2023-07-03",339.190002,340.899994,336.570007,337.98999,12508700,337.275909,2023-07-03
"2023-07-05",335.089996,341.649994,334.730011,338.149994,18172400,337.435577,2023-07-05
"2023-07-06",337.299988,342.98999,335.5,341.269989,28161200,340.548981,2023-07-06
"2023-07-07",339.320007,341.790009,337,337.220001,21185300,336.507538,2023-07-07
"2023-07-10",334.600006,335.230011,327.589996,331.829987,32791400,331.128906,2023-07-10
"2023-07-11",331.059998,332.859985,327,332.470001,26698200,331.767578,2023-07-11
"2023-07-12",336.600006,341.649994,335.670013,337.200012,29995300,336.487579,2023-07-12
"2023-07-13",339.559998,343.73999,339.019989,342.660004,20567200,341.936035,2023-07-13
"2023-07-14",347.589996,351.429993,344.309998,345.23999,28302200,344.51059,2023-07-14
"2023-07-17",345.679993,346.98999,342.200012,345.730011,20363900,344.999573,2023-07-17
"2023-07-18",345.829987,366.779999,342.170013,359.48999,64872700,358.730469,2023-07-18
"2023-07-19",361.75,362.459991,352.440002,355.079987,39732900,354.329803,2023-07-19
"2023-07-20",353.570007,357.970001,345.369995,346.869995,33778400,346.137146,2023-07-20
"2023-07-21",349.149994,350.299988,339.829987,343.769989,69368900,343.043701,2023-07-21
"2023-07-24",345.850006,346.920013,342.309998,345.109985,26678100,344.380859,2023-07-24
"2023-07-25",347.109985,351.890015,345.070007,350.980011,41637700,350.238464,2023-07-25
"2023-07-26",341.440002,344.670013,333.109985,337.769989,58383700,337.056366,2023-07-26
"2023-07-27",340.480011,341.329987,329.049988,330.720001,39635300,330.021271,2023-07-27
"2023-07-28",333.670013,340.01001,333.170013,338.369995,28484900,337.65509,2023-07-28
"2023-07-31",336.920013,337.700012,333.359985,335.920013,25446000,335.210297,2023-07-31
"2023-08-01",335.190002,338.540009,333.700012,336.339996,18311900,335.629395,2023-08-01
"2023-08-02",333.630005,333.630005,326.359985,327.5,27761300,326.808075,2023-08-02
"2023-08-03",326,329.880005,325.950012,326.660004,18253700,325.969849,2023-08-03
"2023-08-04",331.880005,335.140015,327.23999,327.779999,23727700,327.087494,2023-08-04
"2023-08-07",328.369995,331.109985,327.519989,330.109985,17741500,329.412537,2023-08-07
"2023-08-08",326.959991,328.75,323,326.049988,22327600,325.361115,2023-08-08
"2023-08-09",326.470001,327.109985,321.049988,322.230011,22373300,321.549225,2023-08-09
"2023-08-10",326.019989,328.26001,321.179993,322.929993,20113700,322.247711,2023-08-10
"2023-08-11",320.26001,322.410004,319.209991,321.01001,24342600,320.331787,2023-08-11
"2023-08-14",321.390015,324.059998,320.079987,324.040009,18836100,323.355408,2023-08-14
"2023-08-15",323,325.089996,320.899994,321.859985,16966300,321.179962,2023-08-15
"2023-08-16",320.799988,324.420013,319.799988,320.399994,20698900,320.399994,2023-08-16
"2023-08-17",320.540009,321.869995,316.209991,316.880005,21257200,316.880005,2023-08-17
"2023-08-18",314.48999,318.380005,311.549988,316.480011,24744800,316.480011,2023-08-18
"2023-08-21",317.929993,322.769989,317.040009,321.880005,24040000,321.880005,2023-08-21
"2023-08-22",325.5,326.079987,321.459991,322.459991,16102000,322.459991,2023-08-22
"2023-08-23",323.820007,329.200012,323.459991,327,21166400,327,2023-08-23
"2023-08-24",332.850006,332.980011,319.959991,319.970001,23281400,319.970001,2023-08-24
"2023-08-25",321.470001,325.359985,318.799988,322.980011,21684100,322.980011,2023-08-25
"2023-08-28",325.660004,326.149994,321.720001,323.700012,14808500,323.700012,2023-08-28
"2023-08-29",321.880005,328.980011,321.880005,328.410004,19284600,328.410004,2023-08-29
"2023-08-30",328.670013,329.809998,326.450012,328.790009,15222100,328.790009,2023-08-30
"2023-08-31",329.200012,330.910004,326.779999,327.76001,26411000,327.76001,2023-08-31
"2023-09-01",331.309998,331.98999,326.779999,328.660004,14931200,328.660004,2023-09-01
"2023-09-05",329,334.850006,328.660004,333.549988,18553900,333.549988,2023-09-05
"2023-09-06",333.380005,334.459991,330.179993,332.880005,17535800,332.880005,2023-09-06
"2023-09-07",331.290009,333.079987,329.029999,329.910004,18363500,329.910004,2023-09-07
